id,name,year,basin,n,length_km,extent_km,c_cube,c_ball
AL081968,EDNA,1968,atlantic,31,3778.13,3770.36,2.0131,2.0078
AL041876,UNNAMED,1876,atlantic,26,3370.59,3363.65,2.0328,2.0059
AL031982,BERYL,1982,atlantic,37,4485.44,4459.46,2.037,2.0181
AL051951,DOG,1951,atlantic,38,5883.07,5845.83,2.0621,2.008
EP141983,NARDA,1983,pacific,41,5330.73,5287.25,2.066,2.0237
AL151967,UNNAMED,1967,atlantic,33,4601.23,4585.19,2.0666,2.0058
EP131994,KRISTY,1994,pacific,30,4376.1,4347.9,2.0672,2.0178
AL091932,UNNAMED,1932,atlantic,31,3844.57,3832.75,2.0719,2.0083
AL011906,UNNAMED,1906,atlantic,27,2668.27,2629.38,2.0885,2.0446
AL111898,UNNAMED,1898,atlantic,35,3478.18,3456.57,2.0976,2.0065
EP042009,CARLOS,2009,pacific,27,2740.01,2717.71,2.0983,2.0277
EP062008,ELIDA,2008,pacific,41,5583.94,5535.35,2.1055,2.0212
AL021983,UNNAMED,1983,atlantic,25,3985.93,3955.0,2.1068,2.013
AL081967,UNNAMED,1967,atlantic,25,2850.21,2837.4,2.1075,2.0086
AL031864,UNNAMED,1864,atlantic,26,3958.45,3931.07,2.1103,2.0051
EP061987,FERNANDA,1987,pacific,30,3237.25,3214.84,2.1126,2.023
EP012003,ANDRES,2003,pacific,28,4391.32,4357.21,2.1177,2.024
AL022009,ANA,2009,atlantic,26,3354.2,3334.5,2.1191,2.0158
EP072013,GIL,2013,pacific,32,3328.61,3281.05,2.1258,2.0595
EP062003,FELICIA,2003,pacific,28,4235.37,4206.55,2.1261,2.0141
EP052012,EMILIA,2012,pacific,44,6048.16,6020.71,2.1299,2.0106
AL041911,UNNAMED,1911,atlantic,38,4091.49,4043.06,2.137,2.0209
EP151968,ORLA,1968,pacific,35,3312.71,3242.55,2.151,2.0395
EP081958,UNNAMED,1958,pacific,27,1751.09,1723.13,2.153,2.0223
AL071970,UNNAMED,1970,atlantic,29,4625.96,4520.01,2.1584,2.0254
EP141994,LANE,1994,pacific,28,3664.14,3611.43,2.1689,2.0289
EP162005,SIXTEEN,2005,pacific,26,2118.96,2079.25,2.1713,2.0586
EP041967,DENISE,1967,pacific,49,7703.46,7654.96,2.1729,2.0158
AL091970,DOROTHY,1970,atlantic,25,3688.96,3670.91,2.177,2.0316
EP021991,BLANCA,1991,pacific,30,3089.06,3029.3,2.1791,2.0425
AL111974,UNNAMED,1974,atlantic,37,5997.62,5921.34,2.1796,2.0105
EP021985,BLANCA,1985,pacific,41,3470.3,3433.88,2.184,2.0533
EP131990,JULIO,1990,pacific,32,4291.75,4240.34,2.1848,2.0464
AL081916,UNNAMED,1916,atlantic,26,4721.17,4681.87,2.2007,2.032
EP132011,KENNETH,2011,pacific,31,3643.97,3587.64,2.2055,2.0474
AL051942,UNNAMED,1942,atlantic,32,3535.56,3518.73,2.2072,2.0059
EP131970,MAGGIE,1970,pacific,27,3153.88,3132.29,2.2078,2.0154
AL121878,UNNAMED,1878,atlantic,32,2953.79,2897.46,2.2129,2.0422
EP042006,CARLOTTA,2006,pacific,33,3342.86,3302.28,2.2134,2.0248
EP031991,CARLOS,1991,pacific,45,4480.92,4355.14,2.2153,2.0679
EP052001,DALILA,2001,pacific,31,3162.68,3151.43,2.2173,2.0093
EP042004,CELIA,2004,pacific,30,2596.25,2554.33,2.2174,2.0446
EP031995,BARBARA,1995,pacific,42,4513.65,4483.01,2.2179,2.014
EP041976,DIANA,1976,pacific,30,4851.35,4806.92,2.2208,2.0265
EP041981,DORA,1981,pacific,25,2550.59,2533.21,2.2209,2.0216
AL142000,JOYCE,2000,atlantic,28,3954.96,3891.26,2.223,2.0336
EP042012,DANIEL,2012,pacific,41,5641.33,5611.69,2.2233,2.0173
AL042015,DANNY,2015,atlantic,31,3599.78,3554.3,2.2289,2.0282
AL102008,JOSEPHINE,2008,atlantic,33,3551.4,3463.98,2.2293,2.0687
EP081999,EUGENE,1999,pacific,39,4659.6,4569.89,2.2293,2.0466
AL071931,UNNAMED,1931,atlantic,33,4839.53,4787.65,2.2311,2.023
EP082008,GENEVIEVE,2008,pacific,40,4342.91,4281.84,2.2337,2.0577
EP081991,GUILLERMO,1991,pacific,28,3900.01,3832.58,2.2427,2.0199
AL092010,GASTON,2010,atlantic,30,3918.69,3867.7,2.2515,2.0271
EP031966,CONNIE,1966,pacific,39,3670.97,3606.65,2.2551,2.0341
EP181984,RACHEL,1984,pacific,36,2561.13,2525.89,2.2594,2.0621
EP151990,LOWELL,1990,pacific,36,4377.33,4263.95,2.2636,2.0759
EP081992,GEORGETTE,1992,pacific,48,6843.9,6733.8,2.2708,2.0738
EP031975,CARLOTTA,1975,pacific,35,3223.26,3169.05,2.2725,2.0371
AL131969,FRANCELIA,1969,atlantic,27,3118.82,3062.92,2.2752,2.0514
EP091982,IVA,1982,pacific,30,2868.57,2811.45,2.2791,2.0641
EP091985,IGNACIO,1985,pacific,25,2664.65,2623.13,2.2806,2.0266
EP072011,GREG,2011,pacific,26,3069.51,3033.34,2.2809,2.0218
AL181971,IRENE,1971,atlantic,37,4403.28,4324.59,2.2868,2.0418
EP111993,JOVA,1993,pacific,32,2920.06,2872.3,2.2906,2.0346
EP031968,CELESTE,1968,pacific,27,2831.43,2775.96,2.2915,2.0375
AL042007,DEAN,2007,atlantic,42,7665.49,7541.22,2.2936,2.0177
AL041888,UNNAMED,1888,atlantic,34,3795.44,3714.07,2.3014,2.0402
EP011957,KANOA,1957,pacific,45,5049.43,4985.44,2.3031,2.0324
EP051951,UNNAMED,1951,pacific,29,3882.8,3830.23,2.3032,2.0438
EP031965,AVA,1965,pacific,25,2338.01,2287.6,2.305,2.0339
AL161978,GRETA,1978,atlantic,26,3443.83,3390.99,2.3083,2.0602
EP081988,HECTOR,1988,pacific,41,5063.31,4970.68,2.3108,2.0445
EP121983,LORENA,1983,pacific,34,2949.87,2914.97,2.3156,2.0636
EP061998,ESTELLE,1998,pacific,41,5182.73,5100.51,2.3164,2.0442
AL081931,UNNAMED,1931,atlantic,25,3111.69,3003.4,2.3205,2.0606
EP101982,JOHN,1982,pacific,35,4162.51,4138.25,2.324,2.0184
EP041994,DANIEL,1994,pacific,26,3612.9,3543.39,2.3289,2.0289
EP032006,BUD,2006,pacific,27,3850.77,3836.17,2.329,2.0073
EP052006,DANIEL,2006,pacific,48,4827.47,4753.09,2.3301,2.0343
EP121988,LANE,1988,pacific,38,4613.77,4540.75,2.3311,2.0376
EP101975,JEWEL,1975,pacific,31,3215.6,3151.07,2.332,2.0541
AL042001,CHANTAL,2001,atlantic,33,6102.66,5982.05,2.3324,2.0642
EP071996,DOUGLAS,1996,pacific,33,4448.73,4391.4,2.3377,2.0298
AL141974,FIFI,1974,atlantic,33,4267.58,4215.3,2.3379,2.037
AL051887,UNNAMED,1887,atlantic,36,3887.07,3857.71,2.3384,2.0084
EP051986,ESTELLE,1986,pacific,40,5618.07,5583.38,2.3389,2.013
EP011970,ADELE,1970,pacific,31,3614.78,3541.55,2.3398,2.0493
EP111992,JAVIER,1992,pacific,50,6143.58,6003.59,2.342,2.0518
AL041951,CHARLIE,1951,atlantic,52,6103.12,6024.28,2.3552,2.018
AL091973,CHRISTINE,1973,atlantic,42,5939.49,5737.75,2.3597,2.0466
EP112009,HILDA,2009,pacific,42,4914.43,4783.68,2.3597,2.1219
EP051968,ESTELLE,1968,pacific,33,4290.26,4212.48,2.3602,2.1319
EP051985,ENRIQUE,1985,pacific,35,3860.59,3747.15,2.3631,2.0977
EP052011,EUGENE,2011,pacific,44,4964.27,4858.43,2.3789,2.0682
EP022001,BARBARA,2001,pacific,26,3877.3,3866.29,2.3922,2.0125
EP101970,JOYCE,1970,pacific,25,1771.51,1727.56,2.3989,2.0277
EP071983,GIL,1983,pacific,51,7952.48,7766.39,2.4018,2.0717
EP121970,LORRAINE,1970,pacific,47,5151.91,4976.17,2.4018,2.1198
AL031993,BRET,1993,atlantic,33,5183.95,5122.4,2.4022,2.0223
EP031988,CARLOTTA,1988,pacific,28,2785.89,2715.37,2.411,2.065
EP092008,HERNAN,2008,pacific,41,4412.54,4269.57,2.4154,2.0804
AL061909,UNNAMED,1909,atlantic,34,4698.23,4636.48,2.424,2.0267
EP121982,LANE,1982,pacific,26,3382.92,3337.6,2.4314,2.0316
EP191968,TARA,1968,pacific,33,3732.7,3615.82,2.4341,2.0593
EP081965,FLORENCE,1965,pacific,31,2685.91,2641.43,2.4369,2.0298
EP091975,ILSA,1975,pacific,35,3702.55,3596.11,2.4431,2.0773
AL101955,JANET,1955,atlantic,40,5298.69,5194.39,2.4452,2.036
EP102004,GEORGETTE,2004,pacific,33,4364.62,4306.53,2.4515,2.0278
EP181982,SERGIO,1982,pacific,40,4695.76,4626.19,2.4564,2.0487
EP111954,UNNAMED,1954,pacific,25,3004.38,2937.47,2.4601,2.0571
EP111973,KATHERINE,1973,pacific,39,4495.62,4316.91,2.4696,2.0911
AL041915,UNNAMED,1915,atlantic,27,3400.46,3298.06,2.4725,2.0546
AL081971,CHLOE,1971,atlantic,29,4017.17,3911.66,2.4763,2.0757
EP041978,DANIEL,1978,pacific,29,4135.64,4063.21,2.4797,2.0329
EP102006,ILEANA,2006,pacific,32,2634.73,2605.42,2.4888,2.0755
AL091955,HILDA,1955,atlantic,39,3603.29,3498.85,2.4894,2.0656
EP041971,DENISE,1971,pacific,47,6392.98,6216.06,2.4899,2.0686
EP092007,FLOSSIE,2007,pacific,32,3900.05,3802.96,2.4985,2.0438
EP051970,FRANCESCA,1970,pacific,35,4038.02,3944.14,2.4985,2.0906
EP111968,KATHLEEN,1968,pacific,41,4830.65,4706.77,2.5014,2.0933
EP071991,FEFA,1991,pacific,40,5258.91,5206.38,2.5033,2.0224
EP052002,DOUGLAS,2002,pacific,27,3731.93,3605.55,2.5075,2.0927
EP081997,FELICIA,1997,pacific,33,4583.42,4535.39,2.5145,2.0536
AL041944,UNNAMED,1944,atlantic,32,4307.14,4255.51,2.5154,2.0442
AL052012,ERNESTO,2012,atlantic,39,5589.23,5488.74,2.5168,2.0557
EP021999,BEATRIZ,1999,pacific,32,3468.83,3369.17,2.5217,2.0478
EP161970,PATRICIA,1970,pacific,31,3843.23,3787.75,2.5225,2.0684
AL081933,UNNAMED,1933,atlantic,60,7987.1,7875.37,2.5245,2.0244
EP021954,UNNAMED,1954,pacific,25,2034.92,1881.99,2.5259,2.0822
EP111985,KEVIN,1985,pacific,36,3463.08,3398.04,2.5263,2.0471
EP092009,NINE,2009,pacific,25,2419.71,2353.32,2.5272,2.0308
EP092014,ISELLE,2014,pacific,45,5301.68,5222.67,2.536,2.0721
AL161970,GRETA,1970,atlantic,35,2744.99,2473.5,2.5457,2.2216
AL091891,UNNAMED,1891,atlantic,34,4336.89,4097.4,2.5464,2.0822
EP082013,HENRIETTE,2013,pacific,41,4845.82,4628.34,2.5519,2.179
EP041984,DOUGLAS,1984,pacific,48,4736.73,4656.54,2.5588,2.0351
AL041996,DOLLY,1996,atlantic,25,2928.76,2907.19,2.5729,2.0887
EP061986,FRANK,1986,pacific,38,5521.71,5407.7,2.573,2.0263
EP051990,ELIDA,1990,pacific,26,3108.3,3036.77,2.5768,2.0222
EP072010,ESTELLE,2010,pacific,26,2065.04,1985.06,2.5798,2.3421
AL031931,UNNAMED,1931,atlantic,34,4088.36,4021.78,2.58,2.0297
CP011985,NELE,1985,pacific,27,3072.01,2929.1,2.5839,2.0905
EP081993,GREG,1993,pacific,56,4354.34,4134.06,2.5891,2.2162
EP091988,IVA,1988,pacific,36,3148.61,2983.01,2.5953,2.1418
EP031994,CARLOTTA,1994,pacific,29,3133.71,3090.8,2.601,2.0157
AL011998,ALEX,1998,atlantic,26,3916.79,3772.79,2.6073,2.0595
EP081978,HECTOR,1978,pacific,32,3427.74,3330.49,2.6082,2.0779
EP161990,MARIE,1990,pacific,55,4374.9,4161.87,2.6101,2.1778
AL021903,UNNAMED,1903,atlantic,43,6318.06,6199.96,2.6122,2.097
EP071987,GREG,1987,pacific,28,2828.09,2676.87,2.6188,2.1336
EP071994,GILMA,1994,pacific,40,6226.59,5873.23,2.619,2.0863
EP161983,PRISCILLA,1983,pacific,26,2463.89,2117.78,2.6211,2.1439
EP131985,MARTY,1985,pacific,29,2792.98,2629.32,2.6219,2.0863
AL041941,UNNAMED,1941,atlantic,29,4042.31,3814.59,2.6233,2.07
EP022008,BORIS,2008,pacific,37,3406.97,3287.41,2.6251,2.122
EP062005,FERNANDA,2005,pacific,33,3080.7,2964.15,2.6255,2.0943
EP081967,ILSA,1967,pacific,25,2807.92,2663.65,2.6302,2.1478
AL021902,UNNAMED,1902,atlantic,37,3988.22,3287.52,2.6309,2.0984
EP032000,CARLOTTA,2000,pacific,27,2846.72,2772.61,2.6326,2.0333
AL011965,UNNAMED,1965,atlantic,29,4966.93,4446.24,2.6331,2.0765
AL021868,UNNAMED,1868,atlantic,29,4243.31,4167.48,2.6337,2.0479
EP071973,GLENDA,1973,pacific,25,2916.4,2730.25,2.6344,2.1244
AL071921,UNNAMED,1921,atlantic,28,2407.21,2259.63,2.6361,2.2139
EP121989,ISMAEL,1989,pacific,45,4643.79,4503.16,2.6377,2.0802
AL061878,UNNAMED,1878,atlantic,28,2857.07,2546.01,2.6377,2.1001
EP171982,ROSA,1982,pacific,25,1312.76,1288.86,2.6379,2.03
EP102000,HECTOR,2000,pacific,25,2342.29,2267.08,2.6403,2.1366
EP112007,HENRIETTE,2007,pacific,30,2676.41,2407.6,2.6406,2.103
EP021969,BERNICE,1969,pacific,33,3454.01,3337.19,2.6418,2.1403
AL071933,UNNAMED,1933,atlantic,31,2925.29,2539.43,2.6452,2.1655
AL021963,BEULAH,1963,atlantic,34,5735.72,4965.57,2.6455,2.2764
AL091934,UNNAMED,1934,atlantic,30,4519.93,3662.49,2.6456,2.1514
EP081987,HILARY,1987,pacific,35,3655.64,3592.36,2.6461,2.0357
EP011973,AVA,1973,pacific,43,4230.88,4028.02,2.6463,2.2613
AL061898,UNNAMED,1898,atlantic,35,2931.74,2817.46,2.6482,2.1255
EP041983,DALILIA,1983,pacific,26,3053.26,2936.5,2.6498,2.0481
AL021960,ABBY,1960,atlantic,34,4774.51,4619.07,2.6518,2.0502
EP151989,LORENA,1989,pacific,40,3059.61,2894.2,2.6521,2.0831
AL071867,UNNAMED,1867,atlantic,34,2945.08,2613.15,2.6537,2.296
AL031985,CLAUDETTE,1985,atlantic,30,5631.01,5220.78,2.6544,2.0886
EP062011,FERNANDA,2011,pacific,29,3070.08,2972.87,2.6547,2.0869
CP021987,PEKE,1987,pacific,25,2113.82,1863.87,2.6556,2.2535
EP101980,JAVIER,1980,pacific,26,2812.26,2716.86,2.6574,2.0604
AL011964,UNNAMED,1964,atlantic,38,4310.8,3804.27,2.6589,2.1982
AL031889,UNNAMED,1889,atlantic,39,2770.83,2550.05,2.6594,2.0984
EP051966,EILEEN,1966,pacific,25,2426.79,2201.92,2.6612,2.2814
EP082009,FELICIA,2009,pacific,33,3772.35,3701.66,2.6616,2.0327
EP071982,GILMA,1982,pacific,28,4706.05,4666.53,2.6626,2.0205
EP051992,DARBY,1992,pacific,31,4044.08,3834.86,2.6655,2.1576
EP031998,BLAS,1998,pacific,36,4293.65,4184.67,2.6671,2.0317
AL051918,UNNAMED,1918,atlantic,27,3574.3,2907.26,2.6677,2.1163
AL071996,GUSTAV,1996,atlantic,29,3162.52,2915.65,2.6691,2.195
AL132003,ISABEL,2003,atlantic,58,7157.17,6126.37,2.6701,2.1593
AL121978,UNNAMED,1978,atlantic,33,4937.77,3889.05,2.6712,2.1764
EP071981,GREG,1981,pacific,38,3966.72,3821.46,2.6712,2.0763
AL051968,DOLLY,1968,atlantic,29,5643.1,5262.8,2.6741,2.2313
AL062007,FELIX,2007,atlantic,28,4171.29,4086.81,2.6764,2.0372
EP101987,JOVA,1987,pacific,34,3971.09,3858.18,2.6766,2.0977
AL041883,UNNAMED,1883,atlantic,28,6112.35,5771.05,2.6778,2.1023
AL021889,UNNAMED,1889,atlantic,25,3658.08,3389.77,2.6781,2.1477
AL051966,ELLA,1966,atlantic,26,3923.18,3875.78,2.6791,2.0194
AL011911,UNNAMED,1911,atlantic,31,4287.73,4093.9,2.6795,2.0463
AL062015,FRED,2015,atlantic,31,3234.85,3105.68,2.6795,2.1749
AL031904,UNNAMED,1904,atlantic,28,1740.24,1543.19,2.6796,2.0814
AL091943,UNNAMED,1943,atlantic,25,3200.46,2842.83,2.6796,2.1445
EP081990,GENEVIEVE,1990,pacific,35,3670.22,3561.0,2.6803,2.0591
AL051876,UNNAMED,1876,atlantic,49,3885.23,3145.21,2.6824,2.1333
EP041965,BERNICE,1965,pacific,31,3270.72,3189.39,2.6861,2.071
AL061952,CHARLIE,1952,atlantic,29,4341.95,3599.91,2.6872,2.3879
AL021920,UNNAMED,1920,atlantic,30,3892.63,3542.93,2.6879,2.1097
EP172009,NORA,2009,pacific,31,2345.39,2127.25,2.6893,2.2379
AL071975,CAROLINE,1975,atlantic,33,3195.85,3029.58,2.6932,2.1209
EP051993,DORA,1993,pacific,26,2924.3,2850.66,2.6993,2.0526
AL051987,BRET,1987,atlantic,26,3990.52,3791.48,2.7,2.0623
EP101981,JOVA,1981,pacific,27,3972.4,3813.05,2.7009,2.1159
AL041953,CAROL,1953,atlantic,52,9720.67,7396.91,2.7012,2.207
AL021886,UNNAMED,1886,atlantic,33,4247.48,3624.61,2.7017,2.1027
EP071993,FERNANDA,1993,pacific,42,6155.81,5444.42,2.7024,2.1919
EP051967,ELEANOR,1967,pacific,37,4546.25,4448.26,2.7054,2.0694
AL151978,HOPE,1978,atlantic,39,7019.78,5615.18,2.707,2.2624
AL021940,UNNAMED,1940,atlantic,31,1861.64,1482.02,2.7074,2.3201
AL011893,UNNAMED,1893,atlantic,36,4782.13,4746.87,2.7081,2.0145
AL061947,UNNAMED,1947,atlantic,27,3244.37,2589.84,2.7091,2.2497
AL021928,UNNAMED,1928,atlantic,42,4714.82,4012.42,2.7098,2.2324
AL052006,DEBBY,2006,atlantic,26,3877.43,3614.24,2.7136,2.1596
EP121993,KENNETH,1993,pacific,50,3830.19,3612.57,2.7141,2.1322
EP091998,HOWARD,1998,pacific,40,4244.86,4116.81,2.7162,2.1645
AL081888,UNNAMED,1888,atlantic,31,3642.72,3463.05,2.7168,2.091
AL141933,UNNAMED,1933,atlantic,38,4758.96,4673.63,2.7187,2.0314
AL151932,UNNAMED,1932,atlantic,31,4293.71,3590.39,2.7194,2.3689
AL041921,UNNAMED,1921,atlantic,28,3223.76,2950.13,2.7194,2.2829
EP172000,OLIVIA,2000,pacific,32,1858.56,1773.32,2.7196,2.0964
EP032013,COSME,2013,pacific,30,4003.04,3926.98,2.7199,2.0488
AL081886,UNNAMED,1886,atlantic,36,4031.59,3456.76,2.7199,2.3174
EP121976,LIZA,1976,pacific,26,1962.64,1787.41,2.7204,2.3272
AL041880,UNNAMED,1880,atlantic,37,3402.66,3213.06,2.7219,2.08
AL121968,FRANCES,1968,atlantic,30,4056.48,3769.84,2.722,2.1409
AL042010,COLIN,2010,atlantic,25,3836.96,3384.03,2.7235,2.1616
AL171980,UNNAMED,1980,atlantic,25,2215.79,1987.49,2.7255,2.211
EP051998,DARBY,1998,pacific,37,4740.67,4655.85,2.7258,2.0306
EP042011,DORA,2011,pacific,33,3489.81,3268.51,2.726,2.0708
AL021931,UNNAMED,1931,atlantic,26,2886.78,2624.51,2.726,2.1527
AL171972,UNNAMED,1972,atlantic,41,5612.56,4633.39,2.7262,2.1957
AL151936,UNNAMED,1936,atlantic,28,4158.66,3434.26,2.7267,2.2993
AL031942,UNNAMED,1942,atlantic,38,3865.9,3735.93,2.7285,2.0916
AL111945,UNNAMED,1945,atlantic,26,5889.95,5427.87,2.7287,2.2139
EP141978,NORMAN,1978,pacific,30,3921.74,3359.89,2.7288,2.2713
AL031872,UNNAMED,1872,atlantic,48,3835.82,3634.32,2.7313,2.0706
EP021966,BLANCA,1966,pacific,37,5348.2,5220.19,2.7326,2.0493
AL011896,UNNAMED,1896,atlantic,34,5300.78,4855.27,2.7328,2.2127
EP141982,NORMAN,1982,pacific,36,2671.98,2179.93,2.7347,2.2232
AL091974,BECKY,1974,atlantic,28,3847.82,3510.86,2.7348,2.1478
EP081954,UNNAMED,1954,pacific,27,2334.88,2163.94,2.7349,2.1917
AL031879,UNNAMED,1879,atlantic,25,3285.75,2627.71,2.736,2.1627
EP081981,HILARY,1981,pacific,29,2505.92,2407.4,2.736,2.1001
AL071878,UNNAMED,1878,atlantic,60,6140.92,5629.45,2.7364,2.108
AL071891,UNNAMED,1891,atlantic,25,3447.31,3061.08,2.7368,2.1716
EP032009,BLANCA,2009,pacific,25,2163.04,2002.95,2.7369,2.1418
EP071978,GILMA,1978,pacific,29,3515.23,3301.01,2.737,2.2197
AL061912,UNNAMED,1912,atlantic,27,2351.81,2179.89,2.7371,2.0987
AL021895,UNNAMED,1895,atlantic,36,4597.67,4521.14,2.738,2.0165
EP161971,PRISCILLA,1971,pacific,27,2593.4,2211.12,2.7408,2.4027
AL031874,UNNAMED,1874,atlantic,42,6146.22,4909.98,2.742,2.2582
EP102009,GUILLERMO,2009,pacific,46,6324.88,5398.41,2.7425,2.3135
AL101878,UNNAMED,1878,atlantic,28,3420.32,3024.56,2.7434,2.0904
AL101980,EARL,1980,atlantic,27,5682.93,4493.37,2.7438,2.2328
EP151982,OLIVIA,1982,pacific,29,3481.48,3115.91,2.7446,2.2484
AL031927,UNNAMED,1927,atlantic,28,3226.08,2891.04,2.7478,2.1374
EP032005,CALVIN,2005,pacific,30,3104.82,2799.02,2.7478,2.3291
AL071869,UNNAMED,1869,atlantic,32,4620.29,3663.24,2.7482,2.1588
AL041983,BARRY,1983,atlantic,26,2710.67,2450.9,2.7496,2.3052
EP131978,MIRIAM,1978,pacific,38,6099.59,5770.27,2.7513,2.3466
AL061882,UNNAMED,1882,atlantic,45,3762.91,3178.05,2.7515,2.0935
AL091944,UNNAMED,1944,atlantic,29,6831.28,5509.24,2.7522,2.3201
EP122015,IGNACIO,2015,pacific,50,5007.81,4427.67,2.7524,2.1829
EP081983,HENRIETTE,1983,pacific,42,5428.94,4834.99,2.7524,2.2058
EP161997,NORA,1997,pacific,43,3381.14,2935.26,2.7529,2.3289
AL051903,UNNAMED,1903,atlantic,32,3186.26,2561.28,2.7534,2.2313
AL112009,IDA,2009,atlantic,31,2742.36,2353.63,2.7538,2.3305
EP062002,ELIDA,2002,pacific,35,4755.26,4061.84,2.7539,2.1542
AL021890,UNNAMED,1890,atlantic,41,4468.71,3827.89,2.756,2.1607
AL111950,KING,1950,atlantic,31,2550.69,2073.63,2.7572,2.3058
EP041992,CELIA,1992,pacific,50,4767.8,4606.63,2.7584,2.1205
EP062000,DANIEL,2000,pacific,54,8218.14,7495.73,2.7587,2.105
EP041988,DANIEL,1988,pacific,30,2815.95,2744.65,2.7609,2.255
EP051988,EMILIA,1988,pacific,25,2012.1,1863.6,2.7627,2.1367
AL052005,EMILY,2005,atlantic,45,6619.0,6400.64,2.7629,2.0527
AL061916,UNNAMED,1916,atlantic,33,5568.9,5240.0,2.7633,2.0637
AL011885,UNNAMED,1885,atlantic,36,5090.86,4639.77,2.7635,2.1276
EP151987,OTIS,1987,pacific,28,2436.93,2229.54,2.7641,2.0778
EP051995,DALILA,1995,pacific,36,2395.2,2215.32,2.7656,2.2575
AL061931,UNNAMED,1931,atlantic,28,4219.37,4087.17,2.7662,2.0226
EP081972,HYACINTH,1972,pacific,41,5342.26,4168.85,2.7673,2.5907
EP141970,NORMA,1970,pacific,25,1903.14,1667.66,2.7682,2.253
EP061988,FABIO,1988,pacific,49,4813.34,4665.75,2.7686,2.0729
AL142013,MELISSA,2013,atlantic,26,4539.97,3963.69,2.7688,2.3382
AL091971,DORIA,1971,atlantic,36,6285.25,5076.7,2.7689,2.1989
AL081889,UNNAMED,1889,atlantic,29,4406.66,3597.64,2.7691,2.1342
AL041889,UNNAMED,1889,atlantic,48,4180.08,3521.58,2.7694,2.4559
EP131983,MANUEL,1983,pacific,34,3296.16,2953.75,2.7713,2.1528
EP011983,ADOLPH,1983,pacific,31,2890.89,2405.41,2.7723,2.192
AL041891,UNNAMED,1891,atlantic,34,5876.07,5028.58,2.7726,2.2389
AL031883,UNNAMED,1883,atlantic,39,4141.8,3544.34,2.7729,2.086
EP131982,MIRIAM,1982,pacific,32,5566.02,4662.04,2.7731,2.4098
AL081878,UNNAMED,1878,atlantic,29,5875.12,5706.98,2.774,2.065
AL071966,GRETA,1966,atlantic,26,2981.08,2888.43,2.7745,2.0938
AL111933,UNNAMED,1933,atlantic,33,3567.09,3233.9,2.7752,2.221
EP131974,MAGGIE,1974,pacific,27,1971.73,1844.7,2.7761,2.0592
CP011959,DOT,1959,pacific,27,2758.16,2446.27,2.7768,2.2386
EP152014,ODILE,2014,pacific,37,2674.42,2407.49,2.7771,2.2596
EP061997,DOLORES,1997,pacific,30,4000.04,3939.24,2.7788,2.0358
EP092005,IRWIN,2005,pacific,34,2464.93,2352.1,2.7791,2.1019
AL021872,UNNAMED,1872,atlantic,56,6303.57,4848.98,2.7798,2.3014
AL121953,HAZEL,1953,atlantic,40,6960.51,6494.67,2.7799,2.1729
EP071992,FRANK,1992,pacific,42,4585.73,4336.01,2.7802,2.2598
AL012005,ARLENE,2005,atlantic,25,3717.88,3249.26,2.7802,2.134
AL051958,ELLA,1958,atlantic,35,4739.06,4643.1,2.7804,2.0502
AL041903,UNNAMED,1903,atlantic,25,3548.83,3175.25,2.7808,2.1391
EP032011,CALVIN,2011,pacific,29,2472.41,2336.44,2.7811,2.2133
AL011861,UNNAMED,1861,atlantic,28,3003.45,2704.63,2.7822,2.1007
EP121985,LINDA,1985,pacific,42,4011.01,3897.08,2.7832,2.0949
AL161999,LENNY,1999,atlantic,39,3401.0,3082.93,2.7835,2.4382
AL061879,UNNAMED,1879,atlantic,33,4510.98,3856.81,2.784,2.1031
CP012002,ALIKA,2002,pacific,27,3425.98,3293.11,2.7846,2.3559
AL061953,DOLLY,1953,atlantic,35,5950.42,5121.98,2.7849,2.3308
EP051952,UNNAMED,1952,pacific,29,2268.33,2211.74,2.7852,2.0579
EP041985,DOLORES,1985,pacific,39,4364.33,4154.4,2.7869,2.1089
EP031986,CELIA,1986,pacific,25,2592.1,2458.36,2.7874,2.0621
EP091972,IVA,1972,pacific,33,2969.89,2852.13,2.7878,2.1127
AL071892,UNNAMED,1892,atlantic,45,4792.8,4629.56,2.7889,2.023
EP101972,JOANNE,1972,pacific,29,2978.29,2404.27,2.7894,2.1554
EP151967,PRISCILLA,1967,pacific,27,2883.86,2759.43,2.7901,2.0918
CP022013,UNALA,2013,pacific,29,4529.78,4367.98,2.7903,2.0538
EP081998,GEORGETTE,1998,pacific,26,2484.69,2455.54,2.7905,2.0273
EP091990,HERNAN,1990,pacific,47,3949.3,3702.47,2.7909,2.1306
AL191976,UNNAMED,1976,atlantic,37,4197.6,3530.25,2.7912,2.4317
EP012007,ALVIN,2007,pacific,43,1953.93,1856.31,2.7914,2.2391
EP082005,HILARY,2005,pacific,34,3819.81,3692.54,2.7923,2.0646
EP181992,INIKI,1992,pacific,33,5495.64,4248.02,2.7932,2.2655
AL081892,UNNAMED,1892,atlantic,30,3484.31,3307.06,2.7939,2.1317
AL031928,UNNAMED,1928,atlantic,29,3031.39,2933.72,2.7943,2.0295
AL041865,UNNAMED,1865,atlantic,37,5093.28,4404.02,2.7947,2.1844
EP102002,HERNAN,2002,pacific,31,2758.96,2576.02,2.7955,2.1277
EP141987,NORMA,1987,pacific,25,1383.78,1168.72,2.7957,2.2892
EP062007,COSME,2007,pacific,42,5906.17,5823.43,2.7965,2.0505
AL021892,UNNAMED,1892,atlantic,40,6894.16,5710.79,2.7966,2.393
AL031854,UNNAMED,1854,atlantic,25,4093.25,3383.37,2.7976,2.4558
AL011921,UNNAMED,1921,atlantic,43,3622.91,3124.49,2.7983,2.1158
EP141997,LINDA,1997,pacific,34,2843.07,2751.02,2.7992,2.0408
AL021908,UNNAMED,1908,atlantic,32,3432.98,3058.29,2.7993,2.303
AL041857,UNNAMED,1857,atlantic,29,5001.24,4741.39,2.7993,2.0296
AL011910,UNNAMED,1910,atlantic,27,3792.64,3064.11,2.8,2.1252
AL101901,UNNAMED,1901,atlantic,48,8423.75,6771.61,2.8008,2.3481
EP072004,ESTELLE,2004,pacific,27,2582.6,2458.29,2.8012,2.0969
AL041887,UNNAMED,1887,atlantic,37,5051.88,4035.09,2.8016,2.2918
AL041946,UNNAMED,1946,atlantic,26,5410.03,5232.96,2.8016,2.1631
AL011918,UNNAMED,1918,atlantic,28,5091.74,4535.87,2.802,2.0787
EP041954,UNNAMED,1954,pacific,31,2199.96,2068.2,2.8026,2.1983
EP041979,DOLORES,1979,pacific,27,3344.61,3073.38,2.8028,2.0829
EP071990,FAUSTO,1990,pacific,28,2874.0,2822.54,2.8029,2.0342
AL101880,UNNAMED,1880,atlantic,28,2943.01,2771.32,2.8039,2.1963
EP171987,RAMON,1987,pacific,27,2340.82,2190.0,2.8043,2.0879
EP191985,TERRY,1985,pacific,37,3239.55,3044.03,2.8053,2.0796
AL041980,ALLEN,1980,atlantic,46,8221.2,7834.18,2.8058,2.0433
AL041872,UNNAMED,1872,atlantic,28,4516.12,3658.82,2.806,2.2896
EP041953,UNNAMED,1953,pacific,25,1778.18,1660.13,2.8063,2.0843
CP011963,UNNAMED,1963,pacific,27,4987.15,3759.04,2.8063,2.2426
AL111916,UNNAMED,1916,atlantic,31,4928.61,3932.95,2.8072,2.2611
EP101989,GIL,1989,pacific,27,2425.69,2375.49,2.8082,2.0463
AL062006,ERNESTO,2006,atlantic,47,5174.4,4284.75,2.8083,2.2148
AL021880,UNNAMED,1880,atlantic,45,5025.22,4591.06,2.8083,2.1374
AL031991,BOB,1991,atlantic,55,7734.84,6518.25,2.8094,2.187
AL081954,EDNA,1954,atlantic,41,5828.73,4971.9,2.8094,2.3483
AL092011,IRENE,2011,atlantic,43,5803.66,4598.36,2.8098,2.2123
AL071865,UNNAMED,1865,atlantic,34,4062.84,3628.95,2.8102,2.0838
AL041940,UNNAMED,1940,atlantic,34,3395.84,2935.54,2.8111,2.2923
EP121968,LIZA,1968,pacific,37,3210.03,3106.02,2.8112,2.2138
EP091984,ISELLE,1984,pacific,36,3422.45,3208.42,2.8124,2.0841
EP021981,BEATRIZ,1981,pacific,25,2604.25,2468.2,2.8132,2.1105
AL021947,UNNAMED,1947,atlantic,31,2881.67,2732.44,2.8137,2.2778
AL041927,UNNAMED,1927,atlantic,36,5381.73,4404.45,2.8146,2.2989
AL021891,UNNAMED,1891,atlantic,51,5921.18,5154.25,2.815,2.1238
EP081971,HILARY,1971,pacific,49,3959.52,3699.08,2.8151,2.3141
AL091889,UNNAMED,1889,atlantic,27,5466.78,5286.92,2.8155,2.0484
EP092002,GENEVIEVE,2002,pacific,26,2291.88,2130.66,2.8155,2.1319
AL111949,UNNAMED,1949,atlantic,41,3975.6,3631.9,2.8159,2.261
EP131988,MIRIAM,1988,pacific,42,3718.02,3476.94,2.8159,2.1343
AL152005,NATE,2005,atlantic,27,4506.45,4149.81,2.8164,2.1394
AL021937,UNNAMED,1937,atlantic,28,3112.9,2766.39,2.8167,2.14
AL091933,UNNAMED,1933,atlantic,34,4693.14,4144.47,2.8172,2.2803
AL041885,UNNAMED,1885,atlantic,29,4543.69,4015.51,2.8175,2.3131
AL021901,UNNAMED,1901,atlantic,39,5255.8,5133.42,2.8176,2.0261
AL171976,GLORIA,1976,atlantic,35,3603.22,2977.11,2.8177,2.3698
EP072008,FAUSTO,2008,pacific,33,3796.91,3698.13,2.8177,2.0514
AL021875,UNNAMED,1875,atlantic,40,6184.95,4878.05,2.8178,2.2793
AL171978,UNNAMED,1978,atlantic,45,5716.22,4881.22,2.8183,2.1976
EP061968,FERNANDA,1968,pacific,41,4586.49,4360.73,2.8185,2.3866
EP081969,HEATHER,1969,pacific,27,1664.37,1606.91,2.819,2.0585
EP191984,SIMON,1984,pacific,33,3895.84,3764.72,2.8192,2.1999
EP031971,CARLOTTA,1971,pacific,27,3215.9,3137.79,2.8193,2.0608
EP101958,UNNAMED,1958,pacific,27,2973.24,2345.63,2.8194,2.3415
AL051905,UNNAMED,1905,atlantic,28,2703.17,2287.11,2.8203,2.3443
AL041909,UNNAMED,1909,atlantic,38,4673.83,4436.45,2.8205,2.0663
EP111975,KATRINA,1975,pacific,37,3428.79,3219.31,2.8206,2.1006
EP162009,MARTY,2009,pacific,30,2360.57,2242.8,2.8212,2.051
AL031877,UNNAMED,1877,atlantic,28,3184.48,2695.59,2.8221,2.1626
EP081980,HOWARD,1980,pacific,30,2637.32,2424.73,2.8224,2.0695
EP021949,UNNAMED,1949,pacific,25,1932.24,1753.55,2.8231,2.1257
AL071881,UNNAMED,1881,atlantic,28,4248.01,4156.84,2.8234,2.0567
AL061936,UNNAMED,1936,atlantic,31,5305.97,4632.33,2.824,2.3694
AL021878,UNNAMED,1878,atlantic,45,4466.58,4193.92,2.824,2.1208
AL061904,UNNAMED,1904,atlantic,26,4823.55,4474.57,2.8247,2.1773
AL061874,UNNAMED,1874,atlantic,27,4527.53,4344.51,2.8251,2.188
AL142007,MELISSA,2007,atlantic,31,3248.38,3133.81,2.8254,2.0671
AL031890,UNNAMED,1890,atlantic,33,7166.27,6124.49,2.8258,2.4197
AL031897,UNNAMED,1897,atlantic,25,4070.65,4021.21,2.8259,2.0383
AL081937,UNNAMED,1937,atlantic,34,6460.44,5780.04,2.8264,2.1959
AL031881,UNNAMED,1881,atlantic,32,3574.3,3027.77,2.8265,2.1094
EP092000,GILMA,2000,pacific,25,2151.01,2100.09,2.8266,2.0738
EP181985,SANDRA,1985,pacific,46,4778.51,4513.96,2.8266,2.2004
EP162003,PATRICIA,2003,pacific,25,1817.22,1768.63,2.8272,2.093
EP112001,JULIETTE,2001,pacific,48,3777.43,3170.86,2.8275,2.3133
AL161954,ALICE,1954,atlantic,29,2010.07,1819.18,2.8276,2.1899
AL091999,GERT,1999,atlantic,49,6981.1,5360.65,2.8294,2.2817
AL061891,UNNAMED,1891,atlantic,39,6310.51,5287.22,2.8295,2.3193
EP101985,JIMENA,1985,pacific,37,3442.09,3352.21,2.8299,2.0681
AL031926,UNNAMED,1926,atlantic,31,3397.9,3144.61,2.8302,2.2873
EP061991,ENRIQUE,1991,pacific,25,3307.24,3246.21,2.8308,2.0864
AL131916,UNNAMED,1916,atlantic,36,5145.51,4634.01,2.8308,2.2814
AL071893,UNNAMED,1893,atlantic,39,4984.09,3943.47,2.8309,2.2521
EP031978,CARLOTTA,1978,pacific,35,3462.96,3258.65,2.8311,2.1831
EP031959,UNNAMED,1959,pacific,25,2650.92,2554.96,2.8315,2.0621
AL041994,CHRIS,1994,atlantic,30,5360.17,4415.5,2.8326,2.2511
EP191982,TARA,1982,pacific,27,3357.32,3186.5,2.8328,2.1091
AL121909,UNNAMED,1909,atlantic,26,3101.82,2887.26,2.8329,2.0409
AL011923,UNNAMED,1923,atlantic,28,3268.73,2898.01,2.8331,2.1832
EP052009,DOLORES,2009,pacific,25,3400.46,3179.69,2.8333,2.1205
AL051998,EARL,1998,atlantic,33,7030.73,6776.27,2.8338,2.1056
EP121991,JIMENA,1991,pacific,46,3878.47,3613.02,2.8339,2.121
EP091976,IVA,1976,pacific,37,3791.81,3667.83,2.8339,2.0686
AL081992,UNNAMED,1992,atlantic,25,2905.99,2250.5,2.8341,2.2501
EP061981,FERNANDA,1981,pacific,27,4031.53,3845.09,2.8343,2.0435
AL082007,INGRID,2007,atlantic,26,2129.14,2084.5,2.8346,2.0492
EP111983,KIKO,1983,pacific,36,2531.39,2442.57,2.8347,2.0963
AL091878,UNNAMED,1878,atlantic,32,4632.65,3538.38,2.8348,2.2409
EP171985,RICK,1985,pacific,45,5065.24,4364.1,2.8364,2.1969
AL141968,GLADYS,1968,atlantic,34,4633.36,4149.35,2.8365,2.1847
AL051898,UNNAMED,1898,atlantic,43,4101.27,3495.24,2.8369,2.187
EP061970,GRETCHEN,1970,pacific,29,1593.77,1506.37,2.8371,2.2234
AL061894,UNNAMED,1894,atlantic,40,3866.68,3279.07,2.8371,2.1239
AL061880,UNNAMED,1880,atlantic,26,4028.28,3982.92,2.8371,2.0214
AL111967,ARLENE,1967,atlantic,29,4823.86,4028.36,2.8373,2.2246
EP041972,DIANA,1972,pacific,37,4547.06,4347.11,2.8374,2.12
AL051896,UNNAMED,1896,atlantic,40,5372.98,5198.02,2.8375,2.044
EP061982,FABIO,1982,pacific,32,3229.69,3080.02,2.8377,2.0413
AL031910,UNNAMED,1910,atlantic,44,4569.09,4390.21,2.8377,2.0422
AL171969,HOLLY,1969,atlantic,27,2286.92,2089.76,2.8377,2.1407
AL081948,UNNAMED,1948,atlantic,36,5550.63,5116.88,2.838,2.3332
AL162000,LESLIE,2000,atlantic,26,6736.64,6333.89,2.838,2.1276
AL061958,FIFI,1958,atlantic,30,3544.01,3180.57,2.838,2.2816
AL101886,UNNAMED,1886,atlantic,25,2086.77,1910.55,2.8383,2.3113
EP141991,LINDA,1991,pacific,42,2907.14,2385.56,2.8388,2.3671
EP071954,UNNAMED,1954,pacific,25,2035.85,1854.89,2.8408,2.3824
AL061932,UNNAMED,1932,atlantic,38,5328.17,4775.23,2.8416,2.1764
AL121893,UNNAMED,1893,atlantic,32,4609.29,3789.52,2.8416,2.4665
AL051863,UNNAMED,1863,atlantic,32,4848.98,4455.93,2.8417,2.1159
AL011913,UNNAMED,1913,atlantic,33,3226.5,3102.82,2.8431,2.1032
AL091909,UNNAMED,1909,atlantic,35,3543.65,3078.14,2.8433,2.1384
AL071926,UNNAMED,1926,atlantic,46,5212.86,5051.66,2.8434,2.0681
AL091988,HELENE,1988,atlantic,44,6831.99,5437.36,2.8442,2.3321
AL031916,UNNAMED,1916,atlantic,52,6211.62,4868.69,2.8455,2.1803
AL122004,KARL,2004,atlantic,48,9476.01,7647.65,2.8475,2.4443
AL021883,UNNAMED,1883,atlantic,40,7632.57,6548.29,2.8476,2.433
EP051979,ENRIQUE,1979,pacific,29,2719.32,2601.62,2.8486,2.0898
AL131999,IRENE,1999,atlantic,34,5696.27,5211.09,2.8491,2.2419
EP211990,RACHEL,1990,pacific,26,3194.32,2323.33,2.8494,2.4273
EP091965,GLENDA,1965,pacific,37,2841.53,2691.96,2.8505,2.0503
EP071971,GEORGETTE,1971,pacific,29,3063.86,2957.42,2.8533,2.0997
AL172007,OLGA,2007,atlantic,25,3508.14,2898.45,2.8533,2.6507
AL061965,ELENA,1965,atlantic,27,5180.72,4008.93,2.8538,2.4957
AL142011,MARIA,2011,atlantic,42,7039.7,5196.2,2.8539,2.262
AL011917,UNNAMED,1917,atlantic,33,4454.73,4310.79,2.8545,2.0615
EP182015,NORA,2015,pacific,27,2634.31,2533.41,2.8547,2.1022
AL021943,UNNAMED,1943,atlantic,26,3415.28,2768.75,2.8551,2.3126
AL081961,GERDA,1961,atlantic,28,4858.44,4258.91,2.8555,2.2026
EP211992,SEYMOUR,1992,pacific,40,2673.6,2302.62,2.8555,2.4057
EP092015,GUILLERMO,2015,pacific,50,6163.7,5921.17,2.8561,2.1005
EP061972,FERNANDA,1972,pacific,49,5943.48,5686.68,2.8566,2.1707
AL161887,UNNAMED,1887,atlantic,35,8016.34,7624.66,2.8568,2.1359
EP011985,ANDRES,1985,pacific,27,3111.43,2925.13,2.8576,2.3069
EP121984,LALA,1984,pacific,41,3919.98,3744.5,2.8581,2.1383
EP051994,EMILIA,1994,pacific,37,4245.18,4057.45,2.8599,2.0628
EP071972,GWEN,1972,pacific,37,3423.76,3231.52,2.8603,2.1205
AL031983,ALICIA,1983,atlantic,25,2143.33,1784.51,2.8606,2.2098
EP042014,DOUGLAS,2014,pacific,42,2709.52,2607.75,2.861,2.0793
AL051886,UNNAMED,1886,atlantic,40,5387.3,5127.17,2.861,2.1276
EP161968,PAULINE,1968,pacific,31,2638.52,2287.02,2.8614,2.1804
AL071924,UNNAMED,1924,atlantic,48,7435.45,5415.55,2.8629,2.2167
AL021955,CONNIE,1955,atlantic,49,6316.27,5264.06,2.8632,2.2487
AL101992,FRANCES,1992,atlantic,31,5897.36,5210.46,2.8636,2.1886
EP071995,FLOSSIE,1995,pacific,27,1994.75,1893.43,2.8638,2.0764
AL071989,ERIN,1989,atlantic,37,5993.93,4811.31,2.864,2.2455
EP061984,FAUSTO,1984,pacific,27,1852.09,1720.74,2.8643,2.1482
EP132004,JAVIER,2004,pacific,39,3473.62,2952.72,2.8645,2.2071
AL092012,ISAAC,2012,atlantic,51,6581.01,5569.88,2.8655,2.26
AL111990,UNNAMED,1990,atlantic,34,1225.07,1188.06,2.8659,2.1855
AL031953,BARBARA,1953,atlantic,26,4168.36,3759.24,2.866,2.2188
AL081891,UNNAMED,1891,atlantic,35,4999.13,4870.23,2.8672,2.0739
AL012006,ALBERTO,2006,atlantic,38,8409.03,7911.27,2.8673,2.3036
AL031999,BRET,1999,atlantic,25,1596.11,1347.03,2.8682,2.3814
AL031905,UNNAMED,1905,atlantic,28,2514.71,2222.16,2.8685,2.2468
AL091937,UNNAMED,1937,atlantic,28,5720.37,5450.15,2.8688,2.0974
AL091995,HUMBERTO,1995,atlantic,41,4554.29,3493.38,2.8696,2.2799
AL041999,CINDY,1999,atlantic,51,6340.37,5056.61,2.8712,2.4753
AL082014,GONZALO,2014,atlantic,39,6467.98,5283.21,2.8715,2.4339
AL041852,UNNAMED,1852,atlantic,36,3366.29,2680.06,2.8718,2.3519
AL091887,UNNAMED,1887,atlantic,47,4967.31,4686.22,2.8733,2.1342
EP061993,EUGENE,1993,pacific,38,5278.48,5139.84,2.8737,2.1682
EP071965,EMILY,1965,pacific,31,2122.71,1941.48,2.8742,2.2333
EP051973,EMILY,1973,pacific,27,3038.92,2915.95,2.8746,2.0982
EP131991,KEVIN,1991,pacific,70,6098.09,5565.22,2.8748,2.1759
AL091903,UNNAMED,1903,atlantic,27,4680.9,4334.73,2.8752,2.1992
AL071953,EDNA,1953,atlantic,28,7432.53,6831.63,2.8758,2.3614
EP172012,ROSA,2012,pacific,26,935.98,821.12,2.8759,2.5194
CP011950,HIKI,1950,pacific,39,4139.25,3798.41,2.876,2.2453
EP091971,ILSA,1971,pacific,35,3497.72,3327.41,2.876,2.1304
AL081990,GUSTAV,1990,atlantic,41,5298.56,4232.14,2.8768,2.3169
AL021926,UNNAMED,1926,atlantic,42,4851.55,4056.99,2.877,2.2299
EP061978,FICO,1978,pacific,80,8888.19,7813.83,2.8774,2.3029
AL021935,UNNAMED,1935,atlantic,43,5543.27,4515.23,2.8776,2.5334
EP131971,MONICA,1971,pacific,29,1786.08,1485.79,2.8781,2.2595
AL021927,UNNAMED,1927,atlantic,39,5352.44,4220.64,2.8783,2.5155
EP122014,LOWELL,2014,pacific,48,3565.11,3435.2,2.8785,2.1067
AL071952,DOG,1952,atlantic,26,1630.14,1588.44,2.8788,2.0513
AL051892,UNNAMED,1892,atlantic,48,5077.12,4061.4,2.8789,2.5309
AL051924,UNNAMED,1924,atlantic,29,4404.89,4040.98,2.8823,2.5109
AL091899,UNNAMED,1899,atlantic,41,7746.5,6881.19,2.8823,2.1912
AL032004,CHARLEY,2004,atlantic,30,5391.4,4127.21,2.8824,2.2454
EP021957,UNNAMED,1957,pacific,41,5324.86,4974.85,2.883,2.2761
AL011944,UNNAMED,1944,atlantic,28,4245.77,3592.55,2.8832,2.3841
AL051906,UNNAMED,1906,atlantic,63,6213.13,5903.58,2.8859,2.1345
AL102001,HUMBERTO,2001,atlantic,26,3413.06,2809.85,2.8863,2.2211
AL041886,UNNAMED,1886,atlantic,44,7643.85,6940.65,2.8867,2.4441
AL141999,JOSE,1999,atlantic,34,4682.31,3742.73,2.887,2.3361
AL082012,GORDON,2012,atlantic,26,4253.42,3810.25,2.8873,2.318
AL042013,DORIAN,2013,atlantic,51,7494.46,6569.66,2.8876,2.513
AL121995,KAREN,1995,atlantic,31,3951.52,3550.64,2.8893,2.2392
AL041898,UNNAMED,1898,atlantic,61,8663.33,6337.35,2.8907,2.4033
AL101893,UNNAMED,1893,atlantic,35,3927.79,2939.22,2.8915,2.282
AL111901,UNNAMED,1901,atlantic,39,5970.77,4595.42,2.8926,2.3448
AL182005,RITA,2005,atlantic,36,4042.92,3175.41,2.8927,2.3709
EP111980,KAY,1980,pacific,55,6184.84,5816.24,2.8937,2.2507
EP041973,DOREEN,1973,pacific,65,7689.8,7175.58,2.895,2.2608
EP061995,ERICK,1995,pacific,26,1606.99,1353.93,2.8954,2.4649
AL041928,UNNAMED,1928,atlantic,62,9511.19,7622.7,2.8954,2.3954
AL081979,UNNAMED,1979,atlantic,25,5430.52,4061.95,2.8962,2.2041
AL081993,GERT,1993,atlantic,30,3093.22,2878.98,2.8963,2.1057
EP161974,PATRICIA,1974,pacific,43,4820.81,4452.04,2.8964,2.4476
EP161985,PAULINE,1985,pacific,53,5762.13,4805.84,2.8964,2.3853
AL051939,UNNAMED,1939,atlantic,30,4701.57,4374.97,2.8966,2.2601
AL111878,UNNAMED,1878,atlantic,33,4473.22,3625.78,2.8972,2.5201
EP072007,DALILA,2007,pacific,34,2513.47,2316.18,2.8999,2.3392
EP112006,JOHN,2006,pacific,32,2828.09,2688.16,2.9029,2.1071
EP092006,HECTOR,2006,pacific,35,3492.35,3367.06,2.9043,2.1371
AL052001,DEAN,2001,atlantic,27,5127.33,4532.1,2.9045,2.3175
EP171983,RAYMOND,1983,pacific,51,6234.4,5949.97,2.905,2.2005
AL061940,UNNAMED,1940,atlantic,29,3262.19,2613.99,2.9051,2.3869
AL101958,JANICE,1958,atlantic,39,5971.4,5788.43,2.9069,2.127
EP092012,ILEANA,2012,pacific,47,4321.63,3918.15,2.9081,2.1872
EP181989,OCTAVE,1989,pacific,33,3136.47,2821.09,2.9085,2.3092
EP152008,NORBERT,2008,pacific,38,3054.97,2242.39,2.9089,2.3288
AL051933,UNNAMED,1933,atlantic,51,5012.8,4822.6,2.9093,2.0897
EP091991,HILDA,1991,pacific,26,3276.38,2979.09,2.9094,2.1219
AL061915,UNNAMED,1915,atlantic,42,5646.74,4297.04,2.9134,2.2993
AL041952,BAKER,1952,atlantic,40,6451.35,5229.61,2.9144,2.4659
EP092010,FRANK,2010,pacific,30,2425.67,2186.15,2.9161,2.4849
EP171984,POLO,1984,pacific,31,2879.25,2278.18,2.9165,2.5596
EP261992,YOLANDA,1992,pacific,28,4092.04,3850.15,2.9173,2.5061
AL142005,MARIA,2005,atlantic,51,7599.87,6462.44,2.918,2.4837
EP051972,ESTELLE,1972,pacific,31,3165.34,3058.51,2.9182,2.11
EP191994,ROSA,1994,pacific,28,1986.67,1747.45,2.9184,2.3261
AL021933,UNNAMED,1933,atlantic,53,6837.45,6367.51,2.9188,2.1956
EP102005,JOVA,2005,pacific,53,4857.65,4383.28,2.9194,2.1603
AL111998,KARL,1998,atlantic,26,5749.63,5188.33,2.9197,2.2557
AL172005,PHILIPPE,2005,atlantic,28,2644.0,2136.1,2.92,2.74
AL021877,UNNAMED,1877,atlantic,34,2711.18,2101.23,2.9208,2.5379
EP031957,UNNAMED,1957,pacific,27,2269.02,2102.74,2.9228,2.1816
AL041922,UNNAMED,1922,atlantic,46,2497.24,2156.07,2.924,2.2267
CP011978,SUSAN,1978,pacific,25,1777.37,1570.72,2.924,2.279
EP102008,ISELLE,2008,pacific,41,2546.78,2283.27,2.9246,2.2553
AL031943,UNNAMED,1943,atlantic,34,5677.45,4815.84,2.9264,2.1688
AL061971,BETH,1971,atlantic,29,3308.32,3207.08,2.9265,2.1292
EP032004,BLAS,2004,pacific,28,2945.37,2742.85,2.9286,2.4932
AL042008,DOLLY,2008,atlantic,30,3122.01,2941.16,2.9293,2.2096
EP141971,NANETTE,1971,pacific,27,2785.4,2600.26,2.9325,2.1728
EP111967,LILY,1967,pacific,27,3183.66,2545.69,2.933,2.4692
EP131987,MAX,1987,pacific,29,2973.42,2773.31,2.9343,2.1027
AL031917,UNNAMED,1917,atlantic,35,7529.48,6062.07,2.9348,2.4959
AL021952,ABLE,1952,atlantic,66,9678.17,7429.34,2.9362,2.6309
AL091893,UNNAMED,1893,atlantic,84,9873.89,7606.34,2.9366,2.5509
AL021873,UNNAMED,1873,atlantic,64,8581.6,6210.31,2.9373,2.449
AL141916,UNNAMED,1916,atlantic,43,3979.4,3095.93,2.9376,2.4142
AL151976,UNNAMED,1976,atlantic,29,2886.73,2458.33,2.9376,2.5281
AL031891,UNNAMED,1891,atlantic,31,3251.7,3153.15,2.9409,2.1182
AL122012,LESLIE,2012,atlantic,60,7931.74,5964.1,2.9426,2.3966
AL111994,FLORENCE,1994,atlantic,28,3798.82,3019.63,2.9431,2.4691
EP111978,KRISTY,1978,pacific,38,4575.59,4386.35,2.9432,2.1868
EP151985,OLAF,1985,pacific,38,3777.11,3324.64,2.9436,2.377
AL101974,CARMEN,1974,atlantic,49,5514.84,4454.27,2.944,2.4453
EP172014,POLO,2014,pacific,44,3352.71,2828.37,2.944,2.3793
AL111972,CARRIE,1972,atlantic,29,2848.5,2439.83,2.944,2.433
AL061887,UNNAMED,1887,atlantic,38,7405.73,5686.02,2.9443,2.7551
EP152001,MANUEL,2001,pacific,31,2918.98,2577.69,2.9444,2.393
AL041947,UNNAMED,1947,atlantic,73,9221.26,8151.14,2.9451,2.5032
AL031961,CARLA,1961,atlantic,51,7633.43,6125.49,2.9452,2.4912
AL011995,ALLISON,1995,atlantic,35,6795.55,6032.49,2.9467,2.3129
AL021867,UNNAMED,1867,atlantic,28,5192.88,3511.97,2.9482,2.2367
AL161967,UNNAMED,1967,atlantic,33,3258.71,3023.69,2.9488,2.4664
EP011972,ANNETTE,1972,pacific,31,1240.56,1115.14,2.9488,2.5485
EP111982,KRISTY,1982,pacific,34,4607.41,4357.29,2.9495,2.0873
AL062004,FRANCES,2004,atlantic,74,8606.71,6373.98,2.9499,2.8187
AL041858,UNNAMED,1858,atlantic,32,5052.77,3843.2,2.9515,2.4844
AL161981,HARVEY,1981,atlantic,34,5446.03,3904.0,2.9518,2.4041
EP071984,GENEVIEVE,1984,pacific,30,2415.4,2257.25,2.953,2.2128
AL051888,UNNAMED,1888,atlantic,28,3837.31,3049.21,2.9543,2.4476
AL131990,KLAUS,1990,atlantic,25,1836.56,1776.99,2.9549,2.1303
AL041892,UNNAMED,1892,atlantic,37,5774.96,5506.68,2.9552,2.2235
AL151988,UNNAMED,1988,atlantic,45,7446.42,6073.71,2.9555,2.7454
EP042002,CRISTINA,2002,pacific,30,2784.37,2573.4,2.9566,2.2326
EP131993,LIDIA,1993,pacific,25,3638.34,2773.57,2.9576,2.3784
EP091959,UNNAMED,1959,pacific,31,3358.18,3070.54,2.9587,2.1888
AL061950,FOX,1950,atlantic,38,5329.64,3935.5,2.9589,2.3452
AL091958,ILSA,1958,atlantic,26,4287.53,3254.9,2.9607,2.3304
AL051872,UNNAMED,1872,atlantic,28,3625.07,3429.13,2.9609,2.1332
AL071879,UNNAMED,1879,atlantic,25,4439.57,4115.88,2.9643,2.375
AL072010,EARL,2010,atlantic,55,10032.84,7300.42,2.9662,2.5116
EP141967,OLIVIA,1967,pacific,37,2259.76,1649.12,2.9693,2.6987
AL091996,ISIDORE,1996,atlantic,33,5608.11,4278.76,2.9694,2.4234
EP151971,OLIVIA,1971,pacific,45,4197.87,3573.32,2.9713,2.3267
EP082002,FAUSTO,2002,pacific,51,7966.89,7156.14,2.9739,2.3082
AL031988,CHRIS,1988,atlantic,39,7495.06,5153.75,2.9744,2.3927
AL031937,UNNAMED,1937,atlantic,39,3877.69,3717.35,2.9745,2.1918
AL071958,GERDA,1958,atlantic,34,4666.24,3560.24,2.9766,2.5708
EP022012,BUD,2012,pacific,25,2039.78,1632.0,2.9769,2.4497
AL051921,UNNAMED,1921,atlantic,36,6266.68,5464.83,2.9769,2.6258
EP061992,ESTELLE,1992,pacific,34,3046.5,2698.49,2.9778,2.2551
AL111909,UNNAMED,1909,atlantic,30,4220.76,3455.29,2.9779,2.5433
AL051881,UNNAMED,1881,atlantic,37,4026.03,3814.54,2.9785,2.1353
AL021958,BECKY,1958,atlantic,37,7970.54,6144.18,2.9785,2.6437
AL111924,UNNAMED,1924,atlantic,38,3600.37,3285.47,2.9806,2.1901
AL061982,DEBBY,1982,atlantic,30,6239.28,5756.23,2.9816,2.241
AL121933,UNNAMED,1933,atlantic,60,7533.52,6205.51,2.9834,2.5195
AL072013,GABRIELLE,2013,atlantic,36,2921.81,2445.46,2.9857,2.4777
AL111932,UNNAMED,1932,atlantic,47,3795.48,2883.52,2.9879,2.4064
AL031903,UNNAMED,1903,atlantic,33,2351.86,1940.39,2.9901,2.5154
AL072012,HELENE,2012,atlantic,38,6462.69,6005.43,2.993,2.1979
AL041884,UNNAMED,1884,atlantic,42,2825.19,2394.67,2.9933,2.4137
AL042003,CLAUDETTE,2003,atlantic,45,6434.73,5999.95,2.9949,2.2977
AL041905,UNNAMED,1905,atlantic,51,6548.43,5765.89,2.9966,2.3906
AL041877,UNNAMED,1877,atlantic,61,7200.56,4836.14,2.9966,2.3916
AL032009,BILL,2009,atlantic,46,10117.72,6531.96,2.9967,2.345
AL031893,UNNAMED,1893,atlantic,50,8259.34,5880.16,2.9977,2.424
AL021904,UNNAMED,1904,atlantic,33,5291.13,4094.39,2.9995,2.4898
AL042002,DOLLY,2002,atlantic,26,3365.07,2871.1,2.9997,2.415
AL081880,UNNAMED,1880,atlantic,32,3820.2,2642.4,3.0002,2.6926
AL061996,FRAN,1996,atlantic,72,8959.17,6913.82,3.0009,2.5445
AL051935,UNNAMED,1935,atlantic,39,5600.79,4838.64,3.0026,2.4503
EP132014,MARIE,2014,pacific,46,4995.6,4733.23,3.0031,2.2353
AL042014,CRISTOBAL,2014,atlantic,39,7360.87,6634.19,3.0057,2.2047
AL072008,GUSTAV,2008,atlantic,50,5425.84,4251.83,3.0063,2.4468
AL061870,UNNAMED,1870,atlantic,40,2760.72,2123.51,3.0081,2.6024
AL112010,IGOR,2010,atlantic,61,8797.86,6454.2,3.0086,2.4216
AL091980,GEORGES,1980,atlantic,32,6791.06,4823.77,3.0092,2.4101
EP011969,AVA,1969,pacific,28,2899.24,2513.02,3.0108,2.3607
AL121980,FRANCES,1980,atlantic,61,7835.18,5805.95,3.0113,2.4616
AL051923,UNNAMED,1923,atlantic,41,5959.08,5497.68,3.0114,2.341
AL151981,GERT,1981,atlantic,36,7339.55,5261.47,3.0115,2.9469
AL021857,UNNAMED,1857,atlantic,47,5490.69,4834.74,3.0115,2.5382
AL081988,GILBERT,1988,atlantic,49,8183.56,6162.1,3.0118,2.8393
EP171992,ORLENE,1992,pacific,49,6074.5,5793.05,3.0125,2.1905
AL031995,CHANTAL,1995,atlantic,41,7245.38,5915.79,3.0142,2.5983
AL051878,UNNAMED,1878,atlantic,55,5914.35,5019.68,3.0146,2.644
AL031948,UNNAMED,1948,atlantic,44,7505.38,6431.4,3.0154,2.6418
AL131944,UNNAMED,1944,atlantic,51,7178.2,6683.31,3.0158,2.4958
EP051954,UNNAMED,1954,pacific,29,3535.8,3186.25,3.016,2.3421
EP101983,JULIETTE,1983,pacific,31,2490.69,2285.01,3.016,2.2648
EP031984,CRISTINA,1984,pacific,36,2384.81,2214.8,3.018,2.2487
AL111989,HUGO,1989,atlantic,64,11435.36,8024.78,3.0183,2.4902
EP171986,ROSLYN,1986,pacific,28,3409.68,2537.3,3.0195,2.5624
AL011920,UNNAMED,1920,atlantic,38,5834.9,4291.3,3.0215,2.1959
AL051889,UNNAMED,1889,atlantic,40,5835.87,4184.71,3.0225,2.8391
AL021975,AMY,1975,atlantic,31,3932.83,3489.41,3.0228,2.4158
AL071944,UNNAMED,1944,atlantic,32,5751.11,4275.58,3.0256,2.3227
EP212015,RICK,2015,pacific,33,2656.49,2342.74,3.0267,2.7244
AL021949,UNNAMED,1949,atlantic,40,9120.6,6811.67,3.0278,2.6327
AL121987,EMILY,1987,atlantic,30,7375.44,5511.89,3.0292,2.5718
AL021922,UNNAMED,1922,atlantic,62,9344.71,7244.76,3.0293,2.6409
AL091990,HORTENSE,1990,atlantic,26,3403.02,3138.4,3.0295,2.1844
AL111979,FREDERIC,1979,atlantic,68,10356.84,7590.51,3.0315,2.8498
AL181887,UNNAMED,1887,atlantic,26,5089.81,4115.61,3.0323,2.5917
EP091995,HENRIETTE,1995,pacific,29,2968.75,2680.79,3.0336,2.1887
AL021896,UNNAMED,1896,atlantic,52,4984.97,3983.42,3.0351,2.6073
EP081995,GIL,1995,pacific,28,2562.28,2392.85,3.0351,2.3445
AL191981,UNNAMED,1981,atlantic,36,5478.12,4200.13,3.0366,2.4652
AL051894,UNNAMED,1894,atlantic,49,6033.78,5408.22,3.0366,2.334
AL021954,UNNAMED,1954,atlantic,27,3259.28,3114.08,3.0371,3.0
AL031894,UNNAMED,1894,atlantic,44,6876.04,5269.5,3.0381,2.3253
AL041958,DAISY,1958,atlantic,30,3949.31,3205.24,3.0398,2.4959
AL021911,UNNAMED,1911,atlantic,26,1731.75,1553.41,3.041,2.3106
EP122003,LINDA,2003,pacific,38,1942.57,1496.46,3.0414,2.4099
AL041896,UNNAMED,1896,atlantic,35,5126.77,3812.68,3.0424,2.3782
EP192014,SIMON,2014,pacific,35,2992.28,2365.4,3.0425,2.5536
AL031932,UNNAMED,1932,atlantic,39,4960.75,3579.55,3.0429,2.2224
AL161995,NOEL,1995,atlantic,45,4351.05,3315.26,3.0431,2.7161
AL071887,UNNAMED,1887,atlantic,39,6531.73,5013.75,3.0438,2.7666
AL211976,HOLLY,1976,atlantic,26,4339.48,3994.19,3.0451,2.2585
AL041893,UNNAMED,1893,atlantic,47,7756.84,5468.23,3.0487,2.4754
AL141981,FLOYD,1981,atlantic,37,5537.34,4351.31,3.0488,2.7341
AL031902,UNNAMED,1902,atlantic,39,7272.71,5547.85,3.0492,2.4579
AL051852,UNNAMED,1852,atlantic,25,4579.96,3354.5,3.0499,2.428
EP062006,EMILIA,2006,pacific,41,3547.62,3137.86,3.0499,2.4644
AL171933,UNNAMED,1933,atlantic,33,4589.44,4084.38,3.0504,2.2551
AL091976,CANDICE,1976,atlantic,25,3193.86,2931.67,3.0517,2.7808
AL021950,BAKER,1950,atlantic,60,5607.27,4698.67,3.0523,2.4276
AL091979,DAVID,1979,atlantic,55,9360.48,6465.45,3.0528,2.458
AL021968,BRENDA,1968,atlantic,37,4866.1,4360.17,3.055,2.4152
AL101998,JEANNE,1998,atlantic,54,7458.51,4830.95,3.0568,2.333
EP081966,HELGA,1966,pacific,33,2911.19,1950.33,3.0585,2.3532
AL071951,FOX,1951,atlantic,35,9211.53,6575.4,3.0585,2.4731
EP041991,DELORES,1991,pacific,26,1707.66,1383.53,3.0593,2.6756
AL071871,UNNAMED,1871,atlantic,33,3283.6,2689.75,3.0609,2.6484
AL011945,UNNAMED,1945,atlantic,59,7294.33,6880.31,3.0611,2.2301
AL091964,GLADYS,1964,atlantic,48,5959.88,4556.63,3.0616,2.3892
AL091985,GLORIA,1985,atlantic,65,11249.53,7235.01,3.0616,2.6021
AL041932,UNNAMED,1932,atlantic,73,10510.59,9220.5,3.0641,2.6034
AL131901,UNNAMED,1901,atlantic,30,3076.04,2742.93,3.066,2.3391
AL061984,ARTHUR,1984,atlantic,33,2659.45,2459.5,3.066,2.1907
AL041902,UNNAMED,1902,atlantic,44,5460.89,4945.78,3.0676,2.2624
AL031892,UNNAMED,1892,atlantic,58,8047.06,5439.12,3.0688,2.2997
AL021919,UNNAMED,1919,atlantic,59,5116.57,4870.92,3.0694,2.2353
AL061921,UNNAMED,1921,atlantic,43,4946.56,3634.65,3.0707,2.572
AL031896,UNNAMED,1896,atlantic,43,7870.63,6419.45,3.0719,2.6522
AL061955,FLORA,1955,atlantic,31,5769.46,4152.06,3.0737,2.2758
AL011926,UNNAMED,1926,atlantic,47,5865.19,4792.14,3.0748,2.6651
AL101990,ISIDORE,1990,atlantic,55,6661.7,5532.74,3.0749,2.5989
EP031990,CRISTINA,1990,pacific,32,1859.79,1721.88,3.0752,2.4099
AL091886,UNNAMED,1886,atlantic,36,1316.95,1149.0,3.0766,2.5882
EP092011,HILARY,2011,pacific,50,3814.57,3395.19,3.078,2.4882
AL101950,JIG,1950,atlantic,27,4484.6,3397.69,3.0785,2.4948
AL021879,UNNAMED,1879,atlantic,32,6010.78,4241.79,3.0799,2.3144
AL041962,DAISY,1962,atlantic,41,5756.99,4095.36,3.0805,2.4553
AL031862,UNNAMED,1862,atlantic,34,4217.08,2779.73,3.0809,2.2487
AL031956,BETSY,1956,atlantic,50,8517.48,5396.64,3.0813,2.561
EP161982,PAUL,1982,pacific,47,3682.73,2666.85,3.0828,2.5545
AL041992,ANDREW,1992,atlantic,52,7473.22,6342.97,3.0832,2.873
AL021900,UNNAMED,1900,atlantic,50,6793.73,4863.9,3.084,2.5508
EP101986,JAVIER,1986,pacific,44,4825.58,4542.29,3.088,2.2485
EP062012,FABIO,2012,pacific,40,3584.54,2763.01,3.0897,2.484
EP132015,JIMENA,2015,pacific,63,6222.83,5753.53,3.0906,2.2811
EP122007,IVO,2007,pacific,28,1752.52,1300.9,3.091,2.4102
AL012010,ALEX,2010,atlantic,32,2546.48,2273.06,3.0941,2.2778
AL011950,ABLE,1950,atlantic,51,7586.99,5619.11,3.0971,2.5879
EP051960,ESTELLE,1960,pacific,47,4196.87,3638.92,3.0974,2.4853
AL101987,DENNIS,1987,atlantic,49,6003.3,4769.21,3.0988,2.6582
AL071961,FRANCES,1961,atlantic,41,5260.3,3659.04,3.1045,2.659
AL071889,UNNAMED,1889,atlantic,31,4352.26,3960.08,3.1085,2.2649
AL061937,UNNAMED,1937,atlantic,31,5261.67,4852.37,3.1099,2.639
AL061969,ANNA,1969,atlantic,46,10100.78,6454.98,3.1114,2.8484
AL312005,ZETA,2005,atlantic,36,2471.8,2113.73,3.1146,2.5491
EP132013,MANUEL,2013,pacific,26,1459.47,1333.23,3.1153,2.5352
EP021983,BARBARA,1983,pacific,38,3112.45,2834.06,3.1154,2.2504
AL281969,UNNAMED,1969,atlantic,31,4612.68,3280.87,3.1158,2.5847
EP011980,AGATHA,1980,pacific,28,3081.21,2913.51,3.1158,2.3249
AL091945,UNNAMED,1945,atlantic,39,6848.86,4585.35,3.1169,2.4862
EP101968,JOANNE,1968,pacific,29,3420.75,3200.42,3.1184,2.2374
AL151984,ISIDORE,1984,atlantic,25,3331.92,2442.61,3.1201,2.7676
CP031957,NINA,1957,pacific,31,2756.11,1874.61,3.121,2.6724
AL011897,UNNAMED,1897,atlantic,43,7063.0,5220.35,3.1219,2.3714
AL011991,ANA,1991,atlantic,25,3936.77,3299.32,3.1256,2.7865
AL021915,UNNAMED,1915,atlantic,75,10909.05,7982.02,3.1269,2.8772
AL061992,CHARLEY,1992,atlantic,30,3154.83,2866.35,3.1273,2.4975
EP131986,MADELINE,1986,pacific,28,3514.38,3000.77,3.1286,2.6228
AL051989,DEAN,1989,atlantic,38,6862.06,4796.71,3.1313,2.3034
AL081969,DEBBIE,1969,atlantic,45,8034.35,6150.89,3.1324,2.5706
EP061989,DALILIA,1989,pacific,42,6262.16,5968.08,3.1341,2.3329
AL041894,UNNAMED,1894,atlantic,57,6250.94,4488.38,3.1358,2.4854
AL061906,UNNAMED,1906,atlantic,45,3732.93,3263.64,3.1362,2.7529
AL082002,GUSTAV,2002,atlantic,30,4964.27,4266.21,3.1389,2.5616
AL021972,AGNES,1972,atlantic,35,3426.87,2916.0,3.1446,2.4025
EP051963,IRAH,1963,pacific,37,6107.59,5619.11,3.1447,2.4723
AL041924,UNNAMED,1924,atlantic,48,7094.25,4967.32,3.1465,2.3178
EP012011,ADRIAN,2011,pacific,30,2275.26,2108.26,3.1479,2.6988
AL021884,UNNAMED,1884,atlantic,56,6707.05,5307.39,3.149,2.5971
AL091998,IVAN,1998,atlantic,36,5752.53,4113.12,3.1491,2.4991
AL121950,UNNAMED,1950,atlantic,31,3908.27,3007.61,3.1503,2.9441
AL032014,BERTHA,2014,atlantic,47,10682.72,6755.06,3.1509,2.5826
AL021961,BETSY,1961,atlantic,41,7139.76,5645.31,3.153,2.6255
AL041985,DANNY,1985,atlantic,37,4432.99,3287.23,3.1531,2.5282
AL041979,BOB,1979,atlantic,29,3701.15,2795.21,3.1548,2.6895
AL021998,BONNIE,1998,atlantic,49,7523.12,4609.43,3.1557,2.489
AL172010,OTTO,2010,atlantic,47,6647.71,5767.6,3.1558,2.6293
AL031895,UNNAMED,1895,atlantic,39,5138.54,4577.98,3.1572,3.0425
AL091888,UNNAMED,1888,atlantic,64,6510.46,4618.59,3.1583,2.6296
EP102014,JULIO,2014,pacific,65,6901.22,5793.18,3.1608,2.6648
AL081934,UNNAMED,1934,atlantic,29,3425.45,3027.14,3.1619,2.3964
EP112005,KENNETH,2005,pacific,65,4435.65,3948.89,3.1632,2.836
AL032005,CINDY,2005,atlantic,34,4920.35,4199.81,3.1635,2.334
AL061866,UNNAMED,1866,atlantic,48,8160.4,5473.53,3.1636,2.9505
AL021885,UNNAMED,1885,atlantic,32,6417.8,5036.14,3.1636,2.8475
AL041966,DOROTHY,1966,atlantic,37,2911.11,2550.56,3.1656,2.5458
EP142005,NORMA,2005,pacific,33,1963.62,1534.73,3.1656,2.6365
EP081976,HYACINTH,1976,pacific,31,4452.1,4210.13,3.166,2.5432
AL021942,UNNAMED,1942,atlantic,26,3056.04,2297.08,3.1668,2.7872
AL031853,UNNAMED,1853,atlantic,48,9823.91,6469.87,3.1697,2.9947
AL011963,ARLENE,1963,atlantic,43,6706.81,4947.32,3.1704,2.5347
AL091968,UNNAMED,1968,atlantic,38,4375.15,3576.36,3.1729,2.6766
EP202009,RICK,2009,pacific,27,2786.83,2126.82,3.1735,2.702
EP101978,JOHN,1978,pacific,50,5285.56,5061.73,3.1748,2.5553
EP152002,LOWELL,2002,pacific,33,2377.65,2076.67,3.1789,2.5679
AL081999,FLOYD,1999,atlantic,50,7702.31,5133.25,3.1819,2.5279
AL021876,UNNAMED,1876,atlantic,33,5345.63,3649.19,3.1854,2.6632
AL051962,ELLA,1962,atlantic,36,5501.1,4937.87,3.1867,2.6051
AL061885,UNNAMED,1885,atlantic,37,2146.29,1698.25,3.1883,2.7176
AL021923,UNNAMED,1923,atlantic,38,2955.69,2556.27,3.191,2.4123
AL141954,HAZEL,1954,atlantic,56,7149.43,5539.92,3.1936,2.6355
AL041917,UNNAMED,1917,atlantic,43,4830.62,3932.33,3.1971,2.6686
AL011927,UNNAMED,1927,atlantic,45,10760.69,7712.32,3.1985,2.6846
AL022004,BONNIE,2004,atlantic,44,6707.36,4800.15,3.2011,2.9415
AL151975,GLADYS,1975,atlantic,46,8702.32,6343.37,3.2019,2.5875
AL132005,LEE,2005,atlantic,26,3361.66,2764.91,3.2025,2.4147
AL091969,CAMILLE,1969,atlantic,37,5835.6,4215.42,3.2061,2.7203
AL101952,FOX,1952,atlantic,36,3076.73,2547.0,3.2076,2.5051
AL111959,JUDITH,1959,atlantic,34,5407.62,3840.8,3.2077,2.9325
CP022014,ANA,2014,pacific,54,6583.66,4319.5,3.2099,2.7242
AL021996,BERTHA,1996,atlantic,51,10384.69,7232.74,3.2132,2.4647
AL131974,ELAINE,1974,atlantic,38,5682.96,3747.16,3.215,2.6369
AL041949,UNNAMED,1949,atlantic,35,5234.18,4999.69,3.2159,2.3811
AL101978,ELLA,1978,atlantic,27,4566.51,3538.31,3.2194,2.7985
AL011907,UNNAMED,1907,atlantic,27,4808.92,3889.41,3.2222,2.6107
AL072004,GASTON,2004,atlantic,28,5050.52,4717.58,3.2224,2.554
AL051913,UNNAMED,1913,atlantic,36,2357.51,1631.08,3.2224,3.015
AL051996,EDOUARD,1996,atlantic,73,10073.94,6708.88,3.2231,2.9035
EP011958,UNNAMED,1958,pacific,41,2326.57,1913.61,3.2245,2.7701
AL091898,UNNAMED,1898,atlantic,51,5778.56,3830.24,3.2306,2.5719
AL021882,UNNAMED,1882,atlantic,47,6181.64,4254.08,3.2329,3.014
AL031958,CLEO,1958,atlantic,47,9621.56,5569.74,3.2362,2.6376
AL021964,UNNAMED,1964,atlantic,26,5916.85,4405.54,3.2381,2.5909
AL061886,UNNAMED,1886,atlantic,52,6901.25,4314.33,3.2385,2.4956
AL121973,ELLEN,1973,atlantic,37,7795.53,6084.45,3.2404,2.6566
AL011883,UNNAMED,1883,atlantic,44,7782.72,5930.47,3.2413,2.7683
EP171990,NORBERT,1990,pacific,39,2872.98,2438.35,3.2445,2.4441
AL182011,RINA,2011,atlantic,31,1667.22,1231.29,3.2447,2.8272
AL051899,UNNAMED,1899,atlantic,52,7647.1,5637.86,3.2465,2.6084
EP081996,ELIDA,1996,pacific,29,1737.08,1630.11,3.2483,2.5362
AL101903,UNNAMED,1903,atlantic,35,4000.3,3039.89,3.2505,2.7892
AL132002,LILI,2002,atlantic,57,6719.15,5713.49,3.2532,2.496
AL081901,UNNAMED,1901,atlantic,44,7032.36,4628.13,3.2536,3.0848
AL041901,UNNAMED,1901,atlantic,71,7018.49,5296.22,3.2556,2.7111
AL131995,LUIS,1995,atlantic,66,10117.22,7235.99,3.2587,2.609
AL051891,UNNAMED,1891,atlantic,44,4849.89,3288.46,3.2591,2.5914
EP192015,OLAF,2015,pacific,55,5645.71,3771.24,3.2652,3.164
AL041851,UNNAMED,1851,atlantic,49,8284.21,5494.05,3.2659,2.7592
AL051960,DONNA,1960,atlantic,72,11378.71,8217.37,3.2682,2.613
AL211995,TANYA,1995,atlantic,29,5167.7,4339.64,3.2693,2.5546
EP211989,RAYMOND,1989,pacific,46,4109.55,2959.52,3.2696,2.5975
EP152006,NORMAN,2006,pacific,28,2304.04,1649.51,3.2741,2.7972
AL031940,UNNAMED,1940,atlantic,38,3458.71,2812.84,3.2755,2.7612
AL051856,UNNAMED,1856,atlantic,40,5759.78,3954.91,3.2783,3.1491
AL051904,UNNAMED,1904,atlantic,27,5260.42,4255.87,3.2813,2.823
AL031924,UNNAMED,1924,atlantic,50,7328.27,5726.3,3.2818,2.5737
AL131959,UNNAMED,1959,atlantic,30,4312.96,3798.44,3.2824,2.6777
AL131975,ELOISE,1975,atlantic,47,5774.55,4295.95,3.2855,2.7232
AL081996,HORTENSE,1996,atlantic,53,7346.99,4802.6,3.289,2.445
AL122005,KATRINA,2005,atlantic,34,3455.73,2408.23,3.2892,2.4413
AL051934,UNNAMED,1934,atlantic,27,1675.2,1355.01,3.2914,2.7055
AL061899,UNNAMED,1899,atlantic,26,5447.74,5017.92,3.2922,2.4995
EP011997,ANDRES,1997,pacific,26,1620.41,1069.07,3.2956,2.9982
AL031987,UNNAMED,1987,atlantic,32,1973.98,1385.7,3.3029,2.6799
AL131985,KATE,1985,atlantic,34,4615.29,2779.4,3.3032,3.2484
AL091951,HOW,1951,atlantic,53,11525.18,9502.27,3.3068,2.5475
AL181981,IRENE,1981,atlantic,48,8835.3,6122.84,3.3068,2.8421
AL031933,UNNAMED,1933,atlantic,55,5806.12,4281.63,3.3073,2.6841
AL141975,FAYE,1975,atlantic,46,7385.58,4366.98,3.3175,2.6672
AL101981,DENNIS,1981,atlantic,60,9548.15,6539.84,3.3204,3.0808
EP152009,LINDA,2009,pacific,38,2032.39,1730.21,3.322,2.5784
AL092008,IKE,2008,atlantic,62,9525.88,6606.58,3.3223,3.1308
EP102011,JOVA,2011,pacific,30,2172.94,1560.4,3.3277,3.1284
EP101990,ISELLE,1990,pacific,38,3312.29,3247.84,3.3338,2.8177
AL041961,DEBBIE,1961,atlantic,40,7785.73,5581.69,3.335,2.8635
EP072012,GILMA,2012,pacific,33,2275.96,2015.94,3.3391,2.6973
AL132000,ISAAC,2000,atlantic,52,10013.07,7118.18,3.3452,2.6694
AL181933,UNNAMED,1933,atlantic,55,3636.19,2990.98,3.3458,2.6448
AL081958,HELENE,1958,atlantic,54,10121.53,7276.87,3.3461,2.806
AL152008,OMAR,2008,atlantic,32,4029.72,3763.48,3.3468,2.8954
EP041963,JEN-KATH,1963,pacific,39,4724.18,3392.97,3.3479,2.7539
AL061893,UNNAMED,1893,atlantic,75,11446.46,7408.52,3.351,3.0136
EP102015,HILDA,2015,pacific,36,3401.7,3263.75,3.3556,2.6093
AL011928,UNNAMED,1928,atlantic,46,4365.78,2991.21,3.3558,2.5811
AL101916,UNNAMED,1916,atlantic,35,4252.33,3248.04,3.3577,2.6543
AL101996,JOSEPHINE,1996,atlantic,47,9648.43,7951.07,3.3621,3.1767
AL101964,HILDA,1964,atlantic,30,2752.73,1655.85,3.3633,2.8375
AL061938,UNNAMED,1938,atlantic,57,8924.54,6791.13,3.3651,3.1728
AL031921,UNNAMED,1921,atlantic,48,8699.21,6117.79,3.3652,2.587
EP012002,ALMA,2002,pacific,31,2231.59,1783.83,3.3669,2.7706
EP161967,RAMONA,1967,pacific,55,4465.25,3719.21,3.3674,2.6053
AL011940,UNNAMED,1940,atlantic,32,2955.28,2585.6,3.3777,2.4384
AL071950,GEORGE,1950,atlantic,42,7413.09,6043.37,3.3794,2.7373
AL011949,UNNAMED,1949,atlantic,37,8305.76,6735.55,3.3884,3.0248
AL011966,ALMA,1966,atlantic,42,4192.71,3575.73,3.3925,2.5621
AL041943,UNNAMED,1943,atlantic,36,3325.57,2890.34,3.3959,3.16
AL092005,IRENE,2005,atlantic,56,7003.11,4991.3,3.3989,3.0994
AL051940,UNNAMED,1940,atlantic,49,7442.98,4869.28,3.4011,2.4953
EP121967,MONICA,1967,pacific,30,1183.66,869.11,3.4024,3.1369
AL091949,UNNAMED,1949,atlantic,27,1440.65,1128.49,3.4033,2.8702
AL062001,ERIN,2001,atlantic,62,8898.84,6677.88,3.404,2.6974
EP112004,HOWARD,2004,pacific,44,3817.68,3106.4,3.4043,2.9561
AL031947,UNNAMED,1947,atlantic,39,2638.07,2130.43,3.4138,2.7231
AL021939,UNNAMED,1939,atlantic,49,4610.94,3195.48,3.4349,2.9726
AL131936,UNNAMED,1936,atlantic,71,8487.74,6006.97,3.4364,2.8319
AL031888,UNNAMED,1888,atlantic,44,6786.78,4933.56,3.4418,3.117
AL051997,DANNY,1997,atlantic,47,4710.85,4419.62,3.4424,2.5302
AL162007,NOEL,2007,atlantic,56,7804.95,5946.13,3.4428,3.0868
EP052015,DOLORES,2015,pacific,45,3950.28,3516.8,3.4444,2.9632
AL071894,UNNAMED,1894,atlantic,42,6512.54,5379.28,3.4457,2.9982
EP072001,FLOSSIE,2001,pacific,28,1754.51,1404.8,3.4463,3.2472
AL201971,UNNAMED,1971,atlantic,33,2229.38,1628.82,3.4481,3.0312
AL061948,UNNAMED,1948,atlantic,54,11103.2,7583.39,3.4492,2.6266
AL061908,UNNAMED,1908,atlantic,50,7357.87,5324.99,3.4506,2.7424
AL071964,ETHEL,1964,atlantic,49,7486.87,4621.46,3.4559,2.7972
AL081989,FELIX,1989,atlantic,63,6264.79,4306.49,3.4582,3.1675
AL122000,HELENE,2000,atlantic,42,8408.78,4987.41,3.4624,2.8493
EP131967,NANETTE,1967,pacific,33,2387.09,1898.72,3.4672,3.0215
AL102003,FABIAN,2003,atlantic,53,9172.03,6355.03,3.4681,2.6758
AL062010,DANIELLE,2010,atlantic,51,9345.08,6292.0,3.469,2.8068
AL051880,UNNAMED,1880,atlantic,40,3645.23,2943.23,3.4721,2.9975
AL101936,UNNAMED,1936,atlantic,49,8658.58,5853.46,3.4751,2.5752
AL131971,EDITH,1971,atlantic,51,6499.26,4867.23,3.4761,2.7679
AL061942,UNNAMED,1942,atlantic,27,2768.88,2206.91,3.4829,3.2705
AL021906,UNNAMED,1906,atlantic,41,3992.86,3192.63,3.4963,2.9904
EP061965,DOREEN,1965,pacific,41,4340.17,3525.55,3.5006,3.1705
AL051952,UNNAMED,1952,atlantic,27,3636.58,2572.36,3.5014,3.3968
EP151991,MARTY,1991,pacific,45,3786.95,3393.29,3.5044,2.9298
EP041975,DENISE,1975,pacific,41,3430.72,2891.07,3.506,3.3506
AL121988,KEITH,1988,atlantic,39,7810.26,5849.45,3.5108,2.8518
EP012012,ALETTA,2012,pacific,26,1676.38,1239.09,3.5145,3.2373
AL081955,IONE,1955,atlantic,69,12033.23,8022.8,3.5199,2.9849
EP041982,DANIEL,1982,pacific,62,7333.38,6632.44,3.5229,3.0415
AL061951,EASY,1951,atlantic,55,9298.34,5834.95,3.5251,3.0707
AL011852,UNNAMED,1852,atlantic,45,5020.46,3075.63,3.5373,3.1299
AL061991,CLAUDETTE,1991,atlantic,43,4899.14,3719.07,3.5382,3.1781
AL061939,UNNAMED,1939,atlantic,39,3738.44,3124.83,3.5487,3.2012
AL062014,EDOUARD,2014,atlantic,47,6656.91,3906.42,3.5487,2.9139
AL142010,LISA,2010,atlantic,38,2263.97,1830.39,3.553,2.7772
AL061954,CAROL,1954,atlantic,30,3033.04,2849.83,3.5608,2.9386
AL071898,UNNAMED,1898,atlantic,49,7151.94,4651.92,3.5613,2.7143
EP191983,TICO,1983,pacific,34,2626.91,2001.56,3.5646,3.0303
AL131967,BEULAH,1967,atlantic,70,5397.34,4800.62,3.5721,2.88
AL062005,FRANKLIN,2005,atlantic,37,4255.84,3703.07,3.576,2.8945
AL092013,HUMBERTO,2013,atlantic,46,4423.92,3611.58,3.5844,2.8756
AL072006,FLORENCE,2006,atlantic,62,10175.79,6494.89,3.6036,3.043
AL061946,UNNAMED,1946,atlantic,39,5249.11,3309.78,3.6103,3.0935
AL122011,KATIA,2011,atlantic,64,12543.58,8353.43,3.6183,2.8518
AL151970,UNNAMED,1970,atlantic,73,8524.93,6297.87,3.6186,3.4561
AL111973,UNNAMED,1973,atlantic,25,2088.49,1729.93,3.6241,3.1901
EP041966,DOLORES,1966,pacific,38,4065.12,3919.21,3.6252,2.7822
AL092006,HELENE,2006,atlantic,62,9871.52,6700.66,3.6256,2.7937
AL031935,UNNAMED,1935,atlantic,52,8231.47,5826.11,3.6422,3.1159
EP212014,VANCE,2014,pacific,27,2503.41,1858.13,3.6423,3.1069
EP032015,CARLOS,2015,pacific,32,1646.08,1428.66,3.6615,2.989
AL011912,UNNAMED,1912,atlantic,42,3769.29,2851.8,3.665,3.2059
AL121967,CHLOE,1967,atlantic,68,10235.06,6084.25,3.6785,3.4125
AL191972,DELTA,1972,atlantic,25,1649.84,973.08,3.6875,3.0272
AL061933,UNNAMED,1933,atlantic,62,9209.72,6550.3,3.7016,3.2057
AL041899,UNNAMED,1899,atlantic,43,5916.77,4232.78,3.7055,2.8811
EP101976,JOANNE,1976,pacific,41,4340.34,3775.8,3.7182,3.1734
AL141990,LILI,1990,atlantic,38,5753.71,3269.18,3.7262,3.2128
EP012014,AMANDA,2014,pacific,30,1281.11,970.5,3.7335,3.3889
AL041998,DANIELLE,1998,atlantic,61,10969.91,6903.36,3.7446,3.1381
AL011860,UNNAMED,1860,atlantic,35,2615.08,1871.61,3.7471,3.284
AL172003,LARRY,2003,atlantic,40,1842.27,1285.67,3.7484,3.3783
AL031950,CHARLIE,1950,atlantic,61,7093.43,5294.97,3.752,3.1622
AL021916,UNNAMED,1916,atlantic,51,3430.36,2725.1,3.7624,3.145
AL071932,UNNAMED,1932,atlantic,44,6087.77,4517.51,3.764,2.8916
AL152007,FIFTEEN,2007,atlantic,26,3615.19,3167.04,3.7689,3.1506
AL191970,UNNAMED,1970,atlantic,29,2952.82,2356.68,3.785,3.5214
AL051873,UNNAMED,1873,atlantic,59,6229.78,4001.87,3.8019,3.2756
AL141979,GLORIA,1979,atlantic,44,5607.15,4320.95,3.8092,3.2448
AL131887,UNNAMED,1887,atlantic,53,6946.98,4354.38,3.8166,3.0483
EP152007,KIKO,2007,pacific,50,3113.04,2138.19,3.8251,3.5294
AL101926,UNNAMED,1926,atlantic,57,7037.01,4761.54,3.8274,3.6898
AL122008,LAURA,2008,atlantic,34,4858.22,2758.26,3.836,3.044
EP181970,SELMA,1970,pacific,29,1775.33,1070.71,3.8382,3.6881
CP022006,TWO,2006,pacific,38,4035.85,3770.23,3.8438,3.1954
AL021929,UNNAMED,1929,atlantic,67,5756.85,3606.69,3.8457,3.3927
AL051907,UNNAMED,1907,atlantic,28,2590.56,1850.29,3.8568,3.3304
CP011976,KATE,1976,pacific,42,2241.5,1960.0,3.8776,3.2383
EP141998,LESTER,1998,pacific,47,2956.28,2635.33,3.8813,3.4825
AL071901,UNNAMED,1901,atlantic,55,9039.15,5785.46,3.8909,3.0687
AL141998,NICOLE,1998,atlantic,35,5304.53,3508.24,3.8967,3.7053
AL031911,UNNAMED,1911,atlantic,35,2722.28,2136.77,3.9045,3.3471
AL041990,CESAR,1990,atlantic,31,3380.34,3196.39,3.9052,2.8955
AL011900,UNNAMED,1900,atlantic,81,12985.36,7517.94,3.9068,3.2854
AL111985,ISABEL,1985,atlantic,36,3323.67,2306.06,3.9105,3.463
AL041950,DOG,1950,atlantic,74,9740.63,7363.18,3.9146,3.2242
EP091974,IONE,1974,pacific,42,3636.46,2898.15,3.9162,3.4584
AL051897,UNNAMED,1897,atlantic,54,6480.22,4079.5,3.9228,2.8784
AL051964,CLEO,1964,atlantic,64,9735.54,5830.82,3.9386,3.3846
AL252005,WILMA,2005,atlantic,47,5648.53,4693.12,3.9461,3.6028
AL031955,DIANE,1955,atlantic,67,10958.3,6733.39,3.9496,3.5545
AL181984,KLAUS,1984,atlantic,33,4193.04,3686.95,3.9512,3.1702
AL171936,UNNAMED,1936,atlantic,55,6706.36,4204.8,3.9536,3.7318
AL061941,UNNAMED,1941,atlantic,29,2358.8,1883.23,3.9545,3.4561
EP071976,GWEN,1976,pacific,54,6936.64,5824.87,3.9564,3.6706
AL101995,IRIS,1995,atlantic,66,8847.85,6582.06,3.9597,3.4946
AL031966,CELIA,1966,atlantic,36,5654.64,4141.09,3.9638,3.1503
AL171995,OPAL,1995,atlantic,39,3919.82,3323.06,3.9687,3.5222
AL212010,TOMAS,2010,atlantic,54,6835.03,4407.73,3.9846,3.4537
AL022011,BRET,2011,atlantic,29,2903.26,2498.47,3.9896,3.4202
EP142003,NORA,2003,pacific,28,1906.59,1221.61,3.9907,3.2366
AL192010,RICHARD,2010,atlantic,29,1959.91,1426.86,3.9973,3.8844
AL041956,CARLA,1956,atlantic,38,10439.63,7715.54,3.9984,3.8532
AL031913,UNNAMED,1913,atlantic,70,8811.53,5652.47,4.001,3.1894
AL041988,DEBBY,1988,atlantic,33,2330.57,1968.17,4.01,3.1595
AL041906,UNNAMED,1906,atlantic,74,12073.2,7694.27,4.0131,3.1356
AL041925,UNNAMED,1925,atlantic,36,3393.32,2809.76,4.0202,3.7245
AL091892,UNNAMED,1892,atlantic,35,3283.71,3032.82,4.0254,3.9352
AL051895,UNNAMED,1895,atlantic,59,9211.96,5001.23,4.0334,3.2836
AL041871,UNNAMED,1871,atlantic,57,8355.81,6375.91,4.035,3.0941
AL112000,GORDON,2000,atlantic,29,3884.83,3595.26,4.0415,3.301
EP191990,ODILE,1990,pacific,35,3292.0,2955.5,4.0465,3.3713
AL071935,UNNAMED,1935,atlantic,39,3549.44,2719.68,4.0602,3.3828
AL061926,UNNAMED,1926,atlantic,27,1840.28,1213.72,4.0624,3.428
AL021930,UNNAMED,1930,atlantic,81,10212.37,5615.5,4.064,3.4059
AL031909,UNNAMED,1909,atlantic,36,3008.79,1774.44,4.0943,3.5594
AL061889,UNNAMED,1889,atlantic,61,8267.88,5119.34,4.0967,3.4185
AL091959,HANNAH,1959,atlantic,46,8946.87,5560.06,4.1077,3.642
EP162014,SIXTEEN,2014,pacific,25,2382.94,1632.43,4.1129,3.8979
AL071998,GEORGES,1998,atlantic,70,8213.22,6988.48,4.115,4.0
EP031972,CELESTE,1972,pacific,65,6498.63,5698.15,4.1242,3.5793
EP152015,LINDA,2015,pacific,40,2904.36,2808.67,4.1596,4.0
AL061966,FAITH,1966,atlantic,69,13494.35,8628.3,4.1904,3.3363
AL061989,UNNAMED,1989,atlantic,36,4661.54,4122.7,4.1905,4.0196
AL031922,UNNAMED,1922,atlantic,29,1680.16,1593.99,4.1967,3.7667
CP032002,HUKO,2002,pacific,42,3287.39,2931.09,4.1975,3.4996
AL011999,ARLENE,1999,atlantic,26,1398.7,1072.55,4.2098,3.9215
EP031949,UNNAMED,1949,pacific,25,1751.12,1638.59,4.2162,3.8278
EP142009,KEVIN,2009,pacific,39,2830.13,1982.11,4.2237,3.8065
AL031875,UNNAMED,1875,atlantic,45,5701.69,4718.42,4.2247,3.5379
AL061964,DORA,1964,atlantic,75,11388.91,8016.47,4.229,3.6193
EP011993,ADRIAN,1993,pacific,34,1192.1,808.57,4.2383,3.5219
EP091997,GUILLERMO,1997,pacific,99,12560.97,7663.15,4.2413,3.5802
EP061966,FRANCESCA,1966,pacific,43,3955.3,2711.95,4.2473,4.1213
EP142007,JULIETTE,2007,pacific,25,1848.45,1289.07,4.2564,3.7835
AL192011,SEAN,2011,atlantic,27,2854.33,2364.67,4.262,3.835
AL091947,UNNAMED,1947,atlantic,36,3660.66,2466.53,4.281,3.4515
AL111988,JOAN,1988,atlantic,53,5079.17,4930.64,4.2871,3.8659
AL111966,LOIS,1966,atlantic,39,5867.94,4578.71,4.3067,3.6713
EP092013,IVO,2013,pacific,31,2188.09,1729.96,4.3133,3.5845
AL101989,GABRIELLE,1989,atlantic,58,7503.54,5547.65,4.3281,3.9177
EP141990,KENNA,1990,pacific,35,3297.74,2898.1,4.3385,4.0
AL031901,UNNAMED,1901,atlantic,42,4809.72,3841.29,4.3548,4.0898
AL161973,GILDA,1973,atlantic,52,6475.35,6087.03,4.361,4.0
EP052010,DARBY,2010,pacific,39,2613.68,1853.96,4.3667,4.0514
AL131978,FLOSSIE,1978,atlantic,50,8121.31,5717.63,4.3785,3.7088
AL101953,GAIL,1953,atlantic,41,4869.68,3568.6,4.3806,3.3155
AL011951,UNNAMED,1951,atlantic,41,5680.61,3600.44,4.3849,4.0993
EP012001,ADOLPH,2001,pacific,29,1715.95,1442.01,4.4047,3.95
AL251967,HEIDI,1967,atlantic,54,5852.23,3738.44,4.4107,4.0705
EP122006,KRISTY,2006,pacific,42,2481.12,2025.16,4.4111,4.0778
EP221992,TINA,1992,pacific,98,6818.26,5278.86,4.4122,3.7553
AL061935,UNNAMED,1935,atlantic,36,2723.34,1658.48,4.427,4.0086
EP022015,BLANCA,2015,pacific,38,2589.62,2236.95,4.427,3.7822
EP111995,JULIETTE,1995,pacific,41,2380.36,1836.23,4.4299,3.7224
AL141932,UNNAMED,1932,atlantic,63,8246.09,5323.71,4.4601,3.491
AL042004,DANIELLE,2004,atlantic,46,4787.42,3628.5,4.4751,4.0541
AL032001,BARRY,2001,atlantic,25,1783.36,1451.76,4.4872,3.9867
EP122004,ISIS,2004,pacific,52,3477.44,3241.58,4.4988,3.6677
EP012015,ANDRES,2015,pacific,40,2669.08,1951.97,4.4998,3.8035
AL112013,JERRY,2013,atlantic,32,3126.2,2826.47,4.5005,3.791
AL011930,UNNAMED,1930,atlantic,50,6382.86,4716.43,4.5207,4.0
EP082012,HECTOR,2012,pacific,35,1887.54,1366.24,4.5223,3.8648
AL011948,UNNAMED,1948,atlantic,28,2353.29,2179.09,4.5231,3.8205
AL132012,MICHAEL,2012,atlantic,42,3631.37,2470.22,4.5303,3.9677
EP051984,ELIDA,1984,pacific,44,3559.96,2489.74,4.5306,4.2786
EP212006,SERGIO,2006,pacific,29,1163.31,666.16,4.5437,3.941
AL091966,INEZ,1966,atlantic,81,7997.24,7118.72,4.5566,3.663
EP011976,ANNETTE,1976,pacific,44,2765.13,2392.02,4.5613,4.0
EP171994,OLIVIA,1994,pacific,31,2470.64,2030.71,4.5709,4.095
AL062008,FAY,2008,atlantic,59,4408.93,3092.9,4.5745,3.9267
AL171979,UNNAMED,1979,atlantic,33,1667.27,853.17,4.5806,4.1467
AL091992,EARL,1992,atlantic,29,2856.65,1690.6,4.5864,3.9876
AL011970,ALMA,1970,atlantic,39,3879.43,3008.75,4.5904,3.8034
AL091880,UNNAMED,1880,atlantic,25,3262.55,2700.48,4.5916,3.999
AL031941,UNNAMED,1941,atlantic,32,2795.53,1982.45,4.6063,4.4111
AL051993,EMILY,1993,atlantic,61,6125.42,3214.11,4.6173,3.9894
EP142014,NORBERT,2014,pacific,35,2287.0,1826.0,4.6331,4.3671
AL041959,CINDY,1959,atlantic,35,3862.06,3253.47,4.6378,3.9937
AL071940,UNNAMED,1940,atlantic,27,3896.52,2392.03,4.6464,3.9258
AL051995,ERIN,1995,atlantic,30,3304.06,2443.66,4.6484,3.8769
AL101976,EMMY,1976,atlantic,62,7936.41,4914.19,4.6647,3.6162
EP091979,IGNACIO,1979,pacific,29,2363.07,1591.61,4.6654,3.8978
AL082001,GABRIELLE,2001,atlantic,41,6183.67,5677.14,4.6746,4.1428
AL111942,UNNAMED,1942,atlantic,28,2716.34,2093.18,4.679,3.9888
AL102002,ISIDORE,2002,atlantic,55,6584.11,4682.33,4.6892,4.2414
AL071912,UNNAMED,1912,atlantic,42,1985.15,1099.05,4.6894,4.0919
AL101984,DIANA,1984,atlantic,33,3383.24,2815.91,4.6905,4.2191
AL031965,BETSY,1965,atlantic,68,7229.69,5248.23,4.699,4.3858
AL012014,ARTHUR,2014,atlantic,47,5241.88,4177.63,4.7083,4.2362
AL041908,UNNAMED,1908,atlantic,25,1164.28,802.69,4.7089,3.8606
AL171887,UNNAMED,1887,atlantic,30,3021.23,2276.43,4.7144,4.5639
AL061976,ANNA,1976,atlantic,37,5072.8,3375.96,4.7178,4.3358
AL051985,ELENA,1985,atlantic,33,3913.54,2921.06,4.73,4.3935
CP032009,NEKI,2009,pacific,33,3196.0,2762.31,4.7304,3.93
EP122011,TWELVE,2011,pacific,27,1459.65,954.8,4.731,4.2537
EP132003,MARTY,2003,pacific,31,2213.35,1911.55,4.7409,4.1061
AL111971,FERN,1971,atlantic,39,1962.31,1303.79,4.7614,3.7596
AL082005,HARVEY,2005,atlantic,44,4667.47,3856.38,4.782,3.8254
AL022012,BERYL,2012,atlantic,33,4197.43,2976.39,4.7841,4.2385
AL091948,UNNAMED,1948,atlantic,56,8424.04,5762.75,4.7875,4.3961
AL162003,KATE,2003,atlantic,58,10353.32,6808.56,4.7889,4.106
AL081956,GRETA,1956,atlantic,30,4892.76,3600.72,4.7917,4.3872
AL081975,DORIS,1975,atlantic,29,1930.83,1334.87,4.794,4.1798
EP131976,MADELINE,1976,pacific,40,1948.68,1615.82,4.794,3.8318
AL051950,EASY,1950,atlantic,38,2646.47,2050.68,4.8203,3.7935
AL121996,LILI,1996,atlantic,60,9574.66,8579.13,4.8292,3.9634
AL151995,MARILYN,1995,atlantic,79,7419.92,3749.86,4.842,4.1901
AL011892,UNNAMED,1892,atlantic,33,2509.91,1873.53,4.843,3.9753
AL071906,UNNAMED,1906,atlantic,44,5972.01,4448.01,4.8666,4.0479
AL071956,FLOSSY,1956,atlantic,52,6595.4,4655.95,4.8717,4.1819
EP042013,DALILA,2013,pacific,40,2195.33,1396.96,4.8817,4.3965
AL171974,GERTRUDE,1974,atlantic,27,2546.39,2420.11,4.8819,3.831
AL011939,UNNAMED,1939,atlantic,28,3107.26,2687.6,4.8925,4.1885
AL122010,JULIA,2010,atlantic,51,6429.95,4052.44,4.8961,4.5392
EP152005,OTIS,2005,pacific,31,1807.77,1328.15,4.9107,4.023
AL061979,CLAUDETTE,1979,atlantic,57,8060.01,5862.97,4.9338,4.364
AL011957,UNNAMED,1957,atlantic,32,3786.83,3189.55,4.9405,4.0484
AL051941,UNNAMED,1941,atlantic,44,6282.23,3405.93,4.9418,4.5311
AL141980,IVAN,1980,atlantic,45,6370.18,3421.25,4.9501,4.5377
AL081959,GRACIE,1959,atlantic,50,5100.69,3083.75,4.9572,4.218
AL092014,HANNA,2014,atlantic,37,2727.96,1551.01,4.9757,4.452
CP012003,UNNAMED,2003,pacific,25,2996.61,2375.02,4.9769,4.1811
AL071963,FLORA,1963,atlantic,69,10440.38,6854.01,5.0146,4.5098
AL072009,FRED,2009,atlantic,48,5575.07,5079.98,5.0171,4.355
AL071995,FELIX,1995,atlantic,69,11741.52,7408.98,5.0276,4.6805
AL101972,BETTY,1972,atlantic,42,4024.69,2965.89,5.0518,4.4181
AL041957,CARRIE,1957,atlantic,95,11680.34,6614.59,5.0532,4.0493
AL302005,EPSILON,2005,atlantic,43,4021.23,2195.06,5.0551,4.3427
EP142000,LANE,2000,pacific,37,3772.48,3011.03,5.0759,4.4128
AL172011,PHILIPPE,2011,atlantic,65,7706.49,5544.85,5.0817,4.134
AL011994,ALBERTO,1994,atlantic,32,2008.94,1431.87,5.0954,4.3903
AL091986,EARL,1986,atlantic,38,5229.92,4184.34,5.0959,4.0057
AL121951,UNNAMED,1951,atlantic,36,4078.05,2752.35,5.0962,4.3499
AL051992,BONNIE,1992,atlantic,61,4688.1,3446.25,5.0977,4.2171
AL011968,ABBY,1968,atlantic,51,3579.54,2509.63,5.1018,4.1848
AL152000,KEITH,2000,atlantic,34,2231.61,2113.33,5.1064,4.4405
AL051986,CHARLEY,1986,atlantic,68,8659.65,7518.58,5.1127,4.8667
AL182012,SANDY,2012,atlantic,45,4343.96,3434.67,5.1297,4.3061
AL131949,UNNAMED,1949,atlantic,35,4582.41,3833.57,5.1408,4.625
AL111964,ISBELL,1964,atlantic,35,3349.76,2866.1,5.1412,4.4715
AL082006,GORDON,2006,atlantic,55,10032.2,6042.22,5.1414,4.4497
EP112003,KEVIN,2003,pacific,28,1786.87,1194.56,5.1945,4.5271
EP042010,CELIA,2010,pacific,50,3576.23,3242.95,5.2032,4.6541
EP032014,CRISTINA,2014,pacific,41,2223.04,1966.13,5.2152,4.3298
AL111976,FRANCES,1976,atlantic,45,6683.53,4367.72,5.222,4.9156
EP091993,HILARY,1993,pacific,42,3268.98,2695.47,5.238,4.5742
AL071960,FLORENCE,1960,atlantic,40,3808.82,2611.04,5.2491,4.4707
AL031871,UNNAMED,1871,atlantic,41,2806.59,1316.14,5.2499,4.6818
AL082008,HANNA,2008,atlantic,49,6741.89,4001.27,5.257,4.6536
EP112011,IRWIN,2011,pacific,56,3867.04,1805.8,5.2575,4.4993
AL051900,UNNAMED,1900,atlantic,42,6190.35,4847.17,5.2676,4.509
AL031899,UNNAMED,1899,atlantic,133,14053.46,6872.9,5.2744,4.4996
AL161980,JEANNE,1980,atlantic,35,2604.83,1968.81,5.2774,5.0124
AL041904,UNNAMED,1904,atlantic,41,2506.71,1540.83,5.2791,4.7428
AL081906,UNNAMED,1906,atlantic,65,5297.96,2688.65,5.2873,4.3016
AL071938,UNNAMED,1938,atlantic,30,2979.7,2030.46,5.2881,4.28
AL101943,UNNAMED,1943,atlantic,26,1658.53,847.59,5.2887,4.4117
AL061896,UNNAMED,1896,atlantic,59,6252.3,4066.6,5.2999,4.8125
AL012003,ANA,2003,atlantic,39,5573.49,4372.63,5.3029,4.3647
EP112014,KARINA,2014,pacific,63,5441.79,3440.47,5.3035,4.6093
AL011934,UNNAMED,1934,atlantic,71,7532.55,5335.92,5.3101,4.4509
EP021984,BORIS,1984,pacific,82,3497.28,2522.82,5.3132,4.6325
AL061897,UNNAMED,1897,atlantic,36,3954.77,2786.81,5.3181,4.9004
AL162004,OTTO,2004,atlantic,39,2702.19,1343.04,5.3212,4.467
AL292005,DELTA,2005,atlantic,42,6590.68,4781.29,5.3221,4.5147
AL061968,UNNAMED,1968,atlantic,25,1314.81,854.29,5.3233,4.8658
AL071957,FRIEDA,1957,atlantic,29,4269.11,2952.52,5.3257,4.0191
AL071997,ERIKA,1997,atlantic,67,8578.37,6126.51,5.3307,4.6259
EP172013,RAYMOND,2013,pacific,48,3159.21,2066.54,5.3323,4.6727
AL071977,CLARA,1977,atlantic,27,2928.64,2248.78,5.3339,4.5001
EP142008,MARIE,2008,pacific,74,4281.47,2717.43,5.34,4.3591
AL011953,ALICE,1953,atlantic,53,3423.24,2094.72,5.3557,4.9093
AL022008,BERTHA,2008,atlantic,74,9967.24,6647.8,5.3617,4.4096
AL012007,ANDREA,2007,atlantic,31,2556.55,1252.02,5.3709,4.8412
AL131998,MITCH,1998,atlantic,77,12096.86,9186.72,5.3775,4.8828
AL072001,FELIX,2001,atlantic,46,5330.15,3357.12,5.3805,4.5766
AL131981,EMILY,1981,atlantic,47,4292.51,3181.46,5.3812,5.2018
AL101961,JENNY,1961,atlantic,34,4660.79,2760.98,5.3898,5.2311
AL041942,UNNAMED,1942,atlantic,39,3007.28,1667.31,5.4102,4.1687
AL221971,LAURA,1971,atlantic,39,2451.45,1665.0,5.4142,4.5027
EP201992,ROSLYN,1992,pacific,69,4957.55,4204.06,5.415,4.7556
AL131934,UNNAMED,1934,atlantic,42,3658.02,2345.81,5.4222,4.5082
AL021987,ARLENE,1987,atlantic,80,10881.97,7221.27,5.4333,4.2236
AL012004,ALEX,2004,atlantic,25,4624.73,4418.85,5.4396,4.8903
AL031962,CELIA,1962,atlantic,40,5004.39,3129.65,5.4494,4.8657
EP112012,KRISTY,2012,pacific,33,2644.41,2088.51,5.4589,4.2784
AL021951,ABLE,1951,atlantic,36,4002.14,2408.6,5.4716,4.4009
AL162005,OPHELIA,2005,atlantic,68,8804.07,7382.05,5.475,4.881
AL012015,ANA,2015,atlantic,28,2454.36,2137.71,5.4904,4.768
AL031990,BERTHA,1990,atlantic,37,3741.03,2619.53,5.517,4.6047
AL031900,UNNAMED,1900,atlantic,62,6103.9,4313.62,5.5835,4.5785
EP241990,VANCE,1990,pacific,41,2560.8,1953.27,5.5842,4.6126
AL172008,PALOMA,2008,atlantic,35,2803.1,1931.5,5.5955,4.4116
AL052003,DANNY,2003,atlantic,44,4706.2,2327.92,5.6012,4.9132
AL071903,UNNAMED,1903,atlantic,40,4990.34,3508.73,5.6046,4.7599
AL101924,UNNAMED,1924,atlantic,40,3359.29,2763.33,5.6083,5.0301
AL172012,RAFAEL,2012,atlantic,56,10387.02,6931.23,5.6112,4.9081
AL102015,IDA,2015,atlantic,51,4358.31,3151.88,5.6136,4.8217
AL042005,DENNIS,2005,atlantic,59,6197.39,4669.77,5.658,5.3281
AL151979,HENRI,1979,atlantic,39,2554.93,1231.56,5.7076,5.3905
AL032000,ALBERTO,2000,atlantic,87,13584.22,8103.72,5.7246,5.5713
AL092004,IVAN,2004,atlantic,94,12657.81,7556.85,5.7358,5.4988
AL031884,UNNAMED,1884,atlantic,45,7356.01,5533.59,5.7473,4.611
CP042006,FOUR,2006,pacific,37,2605.9,1119.47,5.7649,5.4626
EP182014,RACHEL,2014,pacific,36,2266.9,1856.27,5.7717,5.3855
EP221985,XINA,1985,pacific,45,2824.2,1374.24,5.7851,5.0841
EP062015,ENRIQUE,2015,pacific,38,2242.93,1766.77,5.7853,5.343
AL061990,EDOUARD,1990,atlantic,44,2998.15,1563.36,5.7879,5.4842
AL061949,UNNAMED,1949,atlantic,47,5031.4,2505.01,5.7945,5.3841
AL041926,UNNAMED,1926,atlantic,95,8485.28,5749.16,5.8145,5.0897
AL051910,UNNAMED,1910,atlantic,58,5453.81,4017.33,5.8613,5.2343
AL012001,ALLISON,2001,atlantic,57,4677.13,3591.28,5.8775,5.0172
AL081908,UNNAMED,1908,atlantic,66,6672.01,4000.12,5.879,5.3622
AL112004,JEANNE,2004,atlantic,69,5933.45,3469.62,5.8828,5.3993
EP111974,KIRSTEN,1974,pacific,27,1853.01,846.98,5.8846,4.9956
AL102000,FLORENCE,2000,atlantic,29,3246.05,2602.16,5.9278,5.0304
EP171997,OLAF,1997,pacific,66,5204.69,2569.03,5.9293,5.3744
AL112015,JOAQUIN,2015,atlantic,76,8448.77,6793.44,5.9349,4.8143
AL051961,ESTHER,1961,atlantic,67,8853.14,5872.26,5.951,5.488
EP132012,MIRIAM,2012,pacific,44,2547.97,1451.22,5.9554,5.1072
AL081926,UNNAMED,1926,atlantic,42,4230.75,2821.77,5.9859,5.2098
EP031974,CONNIE,1974,pacific,61,3047.09,1721.3,6.0068,5.3342
AL131972,DAWN,1972,atlantic,39,4012.71,1734.79,6.0243,5.102
AL052010,FIVE,2010,atlantic,32,2334.36,1056.05,6.0259,5.2972
AL261969,LAURIE,1969,atlantic,42,3014.2,1404.14,6.0309,5.677
AL031915,UNNAMED,1915,atlantic,59,4831.95,3285.93,6.0432,5.3938
EP231990,TRUDY,1990,pacific,67,3867.87,2982.13,6.0575,5.801
AL132004,LISA,2004,atlantic,55,6154.93,4154.03,6.0648,5.2226
AL032012,CHRIS,2012,atlantic,31,5194.98,3198.72,6.0734,5.2153
EP111988,KRISTY,1988,pacific,34,2329.52,1944.38,6.0905,5.6866
EP022003,BLANCA,2003,pacific,31,914.14,418.86,6.1106,5.1397
AL152001,MICHELLE,2001,atlantic,34,3082.94,2525.53,6.12,5.1674
EP011986,AGATHA,1986,pacific,31,2065.61,1478.57,6.1401,4.8747
AL192003,NICHOLAS,2003,atlantic,80,7856.65,4113.32,6.1425,5.253
AL141984,HORTENSE,1984,atlantic,40,4726.84,3140.24,6.1553,5.1883
AL111952,UNNAMED,1952,atlantic,25,2466.65,1087.17,6.1644,5.8041
EP132009,JIMENA,2009,pacific,39,2906.71,2366.29,6.193,5.1536
EP011982,ALETTA,1982,pacific,39,1360.99,728.05,6.2158,5.7072
AL122002,KYLE,2002,atlantic,90,6724.05,3240.99,6.2173,5.655
AL011962,ALMA,1962,atlantic,30,4165.68,3145.01,6.2304,5.3661
AL141967,DORIA,1967,atlantic,55,4518.08,1820.59,6.2809,5.4099
AL121990,JOSEPHINE,1990,atlantic,62,5167.84,3252.07,6.3096,5.883
AL161984,JOSEPHINE,1984,atlantic,56,5764.59,3696.92,6.3483,5.3888
AL162011,OPHELIA,2011,atlantic,59,8249.42,5341.98,6.418,5.9253
AL031908,UNNAMED,1908,atlantic,43,4302.06,3360.94,6.4259,5.4654
AL131954,UNNAMED,1954,atlantic,48,5396.89,3638.17,6.4272,5.6759
EP032010,BLAS,2010,pacific,32,2421.67,2242.14,6.4983,5.883
AL141971,GINGER,1971,atlantic,118,7457.51,3137.39,6.5044,5.6396
AL011987,UNNAMED,1987,atlantic,31,2266.12,1456.68,6.5419,5.6844
EP111998,JAVIER,1998,pacific,33,1833.7,805.1,6.5533,5.6946
AL201969,INGA,1969,atlantic,99,6761.41,2803.72,6.5708,6.0807
AL282005,GAMMA,2005,atlantic,33,3128.94,2598.65,6.6007,5.3211
AL011960,UNNAMED,1960,atlantic,27,2967.47,2380.03,6.6092,5.8642
AL121994,GORDON,1994,atlantic,59,5748.74,2735.25,6.6142,5.8113
AL051912,UNNAMED,1912,atlantic,30,2486.67,1987.23,6.6223,6.0121
EP151984,NORBERT,1984,pacific,47,3478.29,1477.87,6.6848,6.5099
AL092009,GRACE,2009,atlantic,37,5524.77,3192.89,6.7291,6.3099
AL021989,ALLISON,1989,atlantic,28,1302.71,710.55,6.8386,6.1188
AL232005,TWENTY-TWO,2005,atlantic,27,2878.82,2159.5,6.8455,6.1708
AL021941,UNNAMED,1941,atlantic,40,5979.9,4725.82,7.0421,5.8897
AL041965,CAROL,1965,atlantic,63,7940.98,4498.06,7.0911,6.5377
EP031996,ALMA,1996,pacific,29,1312.56,961.02,7.2087,6.2586
AL251969,KARA,1969,atlantic,48,7617.26,5132.78,7.2777,6.3037
AL191995,ROXANNE,1995,atlantic,56,3240.02,1832.02,7.3534,6.2665
AL201984,LILI,1984,atlantic,47,6387.66,2684.21,7.4247,6.7075
AL081935,UNNAMED,1935,atlantic,45,3450.37,1449.97,7.4786,6.122
AL051999,DENNIS,1999,atlantic,66,4859.0,2915.52,7.6992,6.8898
EP101996,GENEVIEVE,1996,pacific,46,2093.2,1181.24,7.7033,6.8232
AL172001,OLGA,2001,atlantic,47,4246.86,2255.62,7.7557,6.6389
AL081963,GINNY,1963,atlantic,56,5690.24,3489.55,8.0637,6.8308
AL041955,EDITH,1955,atlantic,60,6728.95,3990.47,8.1524,6.6487
AL121985,JUAN,1985,atlantic,29,2788.82,1596.18,8.2224,7.3671
AL131996,MARCO,1996,atlantic,54,3422.88,1571.21,8.2304,7.5881
AL142012,NADINE,2012,atlantic,96,9686.56,3775.75,8.8547,8.003
AL031960,BRENDA,1960,atlantic,46,7955.88,4397.37,9.0071,7.9015
