pair,domain,alpha,method,baseline,delta1,delta2,delta3,joint_status,baseline_status,matched_validated,k_joint,k_baseline,vertex_cost,baseline_coupling_feasible,joint_attempt,baseline_attempt
AL031854__AL011991,hurricane,0.5,CPS-2F,Independent continuous,85.27599670409697,82.01596010094092,426.1842176844774,validated,validated,True,5.0,5.0,0.0,False,output\paper_v1\unified_pilot_results\slots\03\attempts\slot03_5333325f78a44ccf8c803cb680ccb2c1,output\paper_v1\unified_pilot_results\slots\01\attempts\slot01_a21dc5c0aa204ab3b617cea12e9c1fdf
AL031854__AL011991,hurricane,0.5,CPS-3F,Independent discrete,85.27599670409697,82.01596010094092,426.1842176844774,validated,validated,True,20.0,20.0,0.0,True,output\paper_v1\unified_pilot_results\slots\04\attempts\slot04_932e5573922349258233e40f17b3a4ad,output\paper_v1\unified_pilot_results\slots\02\attempts\slot02_be1a32ff67984f64be5a5df446945b5e
EP021949__EP031949,hurricane,0.5,CPS-2F,Independent continuous,40.25507378715167,36.48157080151773,565.3421428246969,validated,validated,True,6.0,5.0,1.0,False,output\paper_v1\unified_pilot_results\slots\09\attempts\slot09_e46deb0bcdd14153a890b48a67dfe8ee,output\paper_v1\unified_pilot_results\slots\11\attempts\slot11_779efee65c1c4da48452a50487b13fb4
EP021949__EP031949,hurricane,0.5,CPS-3F,Independent discrete,40.25507378715167,36.48157080151773,565.3421428246969,validated,validated,True,25.0,25.0,0.0,True,output\paper_v1\unified_pilot_results\slots\10\attempts\slot10_9c3ce8eb1cc545e1b9833ac08e21c34d,output\paper_v1\unified_pilot_results\slots\12\attempts\slot12_cbb981900e99447d9afd681e05358355
1o7j.a__1d9q.d,protein,0.5,CPS-2F,Independent continuous,9.476499139682725,10.101752088004297,47.96448297438429,validated,validated,True,16.0,16.0,0.0,True,output\paper_v1\unified_pilot_results\slots\19\attempts\slot19_67a95ddd348341d08fd3a07c99191bd7,output\paper_v1\unified_pilot_results\slots\17\attempts\slot17_8cc2d653a53341719f762049559f92f0
1o7j.a__1d9q.d,protein,0.5,CPS-3F,Independent discrete,9.476499139682725,10.101752088004297,47.96448297438429,validated,validated,True,20.0,20.0,0.0,True,output\paper_v1\unified_pilot_results\slots\20\attempts\slot20_e0ee0e87e6cf44b8b6e3f58388474666,output\paper_v1\graph_only_v2\attempts\C_8c679d9e32f84779ab0c2bea3386850e
1o7j.a__1hfj.c,protein,0.5,CPS-2F,Independent continuous,9.476499139682725,9.537881702673165,0.9993252723713152,validated,validated,True,16.0,16.0,0.0,True,output\paper_v1\unified_pilot_results\slots\25\attempts\slot25_e5ce743da5d4474f8086789aa234a723,output\paper_v1\unified_pilot_results\slots\27\attempts\slot27_3abe46c8e95b4cdd96c9b8eb7f451478
1o7j.a__1hfj.c,protein,0.5,CPS-3F,Independent discrete,9.476499139682725,9.537881702673165,0.9993252723713152,validated,validated,True,20.0,20.0,0.0,True,output\paper_v1\unified_pilot_results\slots\26\attempts\slot26_dd70540fbfa346d9babebd31da1d1eae,output\paper_v1\unified_pilot_results\slots\28\attempts\slot28_1530208469eb432cb8bc302cdc0c09fa
1o7j.a__1qd1.b,protein,0.5,CPS-2F,Independent continuous,9.476499139682725,10.890797290213742,35.978995691931146,validated,validated,True,20.0,20.0,0.0,True,output\paper_v1\expanded_comparison\slots\35\attempts\expanded35_4fea86cbd8a54e25b1f0959f61809ba3,output\paper_v1\expanded_comparison\slots\33\attempts\expanded33_cd40b1cb287c4293b17a8c217c343bff
1o7j.a__1qd1.b,protein,0.5,CPS-3F,Independent discrete,9.476499139682725,10.890797290213742,35.978995691931146,validated,validated,True,20.0,20.0,0.0,True,output\paper_v1\expanded_comparison\slots\36\attempts\expanded36_b0a6256809594ea6b52aaa2f32fc4ee9,output\paper_v1\expanded_comparison\slots\34\attempts\expanded34_e309439661e84f828e3ac66dc0ee042a
1o7j.a__4eca.d,protein,0.5,CPS-2F,Independent continuous,9.476499139682725,8.78100160685718,15.364049921814237,validated,validated,True,18.0,18.0,0.0,False,output\paper_v1\expanded_comparison\slots\43\attempts\expanded43_11cd981519ea4c5fb33267ed28507b86,output\paper_v1\expanded_comparison\slots\41\attempts\expanded41_da3bf933c57344b48c76eae72c26fcc6
1o7j.a__4eca.d,protein,0.5,CPS-3F,Independent discrete,9.476499139682725,8.78100160685718,15.364049921814237,validated,validated,True,21.0,21.0,0.0,True,output\paper_v1\expanded_comparison\slots\44\attempts\expanded44_6906d978a7af4dbaac36afccfffbb772,output\paper_v1\expanded_comparison\slots\42\attempts\expanded42_fd26c863622e455a9c4a6630250ec9e8
1o7j.a__1toh.a,protein,0.5,CPS-2F,Independent continuous,9.476499139682725,10.346278485309295,37.12846564295379,validated,validated,True,16.0,16.0,0.0,True,output\paper_v1\expanded_comparison\slots\51\attempts\expanded51_72e5e9926d3848e6b4761ef7165f51b5,output\paper_v1\expanded_comparison\slots\49\attempts\expanded49_7091dabdfc5f49dda51a71a173419874
1o7j.a__1toh.a,protein,0.5,CPS-3F,Independent discrete,9.476499139682725,10.346278485309295,37.12846564295379,validated,validated,True,21.0,21.0,0.0,True,output\paper_v1\expanded_comparison\slots\52\attempts\expanded52_c4efe3d705014dad820831f4da89447d,output\paper_v1\expanded_comparison\slots\50\attempts\expanded50_7157e7e5cb1a4ec9aff399f10b78208c
EP111954__EP021984,hurricane,0.5,CPS-2F,Independent continuous,62.59116991555275,21.5881714404469,411.7453872318912,validated,validated,True,16.0,16.0,0.0,False,output\paper_v1\expanded_comparison\slots\59\attempts\expanded59_1a41930b343049c19e4c4044b1d1680e,output\paper_v1\expanded_comparison\slots\57\attempts\expanded57_53aba65df4d145e491de2ca70d31b840
EP111954__EP021984,hurricane,0.5,CPS-3F,Independent discrete,62.59116991555275,21.5881714404469,411.7453872318912,validated,validated,True,79.0,79.0,0.0,True,output\paper_v1\expanded_comparison\slots\60\attempts\expanded60_d1a5c27accb04d57bcfa4d365d99a606,output\paper_v1\expanded_comparison\slots\58\attempts\expanded58_cc8c30ff1d1a48f7a0643c0286c3d20e
AL072006__AL011900,hurricane,0.5,CPS-2F,Independent continuous,83.40813893161072,81.15849951823131,2969.784643498885,transition_budget_limit,validated,False,,12.0,,True,output\paper_v1\expanded_comparison\slots\67\attempts\expanded67_d4d4cf7eb7c74142954855b541101365,output\paper_v1\expanded_comparison\slots\65\attempts\expanded65_41947a210b8b496eaeaac9755feae1a4
AL072006__AL011900,hurricane,0.5,CPS-3F,Independent discrete,83.40813893161072,81.15849951823131,2969.784643498885,validated,validated,True,75.0,75.0,0.0,True,output\paper_v1\expanded_comparison\slots\68\attempts\expanded68_601a57a3ba474fa3960adc238e08ffc1,output\paper_v1\expanded_comparison\slots\66\attempts\expanded66_095d06dd1f3e431cb389cf35a6c9c8c2
EP012014__EP212006,hurricane,0.5,CPS-2F,Independent continuous,22.088133009069068,20.773394823842597,628.8969388779135,validated,validated,True,7.0,7.0,0.0,True,output\paper_v1\expanded_comparison\slots\75\attempts\expanded75_1d406bb8211e4ea9ad5fa732f6052f0d,output\paper_v1\expanded_comparison\slots\73\attempts\expanded73_b16b8e72a62142e19f2b25e821b87e10
EP012014__EP212006,hurricane,0.5,CPS-3F,Independent discrete,22.088133009069068,20.773394823842597,628.8969388779135,validated,validated,True,28.0,28.0,0.0,True,output\paper_v1\expanded_comparison\slots\76\attempts\expanded76_b5080725e48e4dd8bd107e4a0bb2ca1a,output\paper_v1\expanded_comparison\slots\74\attempts\expanded74_42a5eaa5d2ec4e088ba1161482a0f9b4
