file,line,target,explicit_certificate_false
notebooks_paper\graph_only_v1\graph_checks.py,30,solve,True
notebooks_paper\graph_only_v1\graph_checks.py,108,solve,True
notebooks_paper\graph_only_v1\graph_checks.py,83,solve,True
notebooks_paper\graph_only_v1\graph_checks.py,115,solve,True
notebooks_paper\graph_only_v1\graph_checks.py,89,solve,True
notebooks_paper\graph_only_v1\graph_core.py,67,solve,True
notebooks_paper\graph_only_v1\graph_core.py,51,solve_cps,True
notebooks_paper\graph_only_v1\pilot_worker.py,16,solve,True
notebooks_paper\graph_only_v1\shortcut_probe.py,10,solve,True
notebooks_paper\graph_only_v1\shortcut_probe.py,14,solve,True
