curve_index,raw_index,pdb_id,model,author_chain,label_chain,label_seq_id,author_seq_id,insertion_code,residue_name,atom_id,altloc,occupancy,canonical_altloc,x,y,z,fragment_id,fragment_index
0,0,1o7j,1,A,A,3,3,,LYS,2,.,1.0,.,36.574,39.355,23.921,0.0,0.0
1,1,1o7j,1,A,A,4,4,,LEU,11,.,1.0,.,37.465,36.489,26.312,0.0,1.0
2,2,1o7j,1,A,A,5,5,,PRO,30,.,1.0,.,35.086,35.351,29.039,0.0,2.0
3,3,1o7j,1,A,A,6,6,,ASN,44,.,1.0,.,35.784,36.293,32.655,0.0,3.0
4,4,1o7j,1,A,A,7,7,,ILE,58,.,1.0,.,36.02,33.093,34.72,0.0,4.0
5,5,1o7j,1,A,A,8,8,,VAL,77,.,1.0,.,36.57,32.744,38.442,0.0,5.0
6,6,1o7j,1,A,A,9,9,,ILE,93,.,1.0,.,38.39,29.568,39.561,0.0,6.0
7,7,1o7j,1,A,A,10,10,,LEU,112,.,1.0,.,37.03,28.949,43.093,0.0,7.0
8,8,1o7j,1,A,A,11,11,,ALA,131,.,1.0,.,39.19,26.365,44.844,0.0,8.0
9,9,1o7j,1,A,A,12,12,,THR,141,.,1.0,.,38.04,24.042,47.607,0.0,9.0
10,10,1o7j,1,A,A,13,13,,GLY,155,.,1.0,.,40.837,21.402,47.75,0.0,10.0
11,11,1o7j,1,A,A,14,14,,GLY,162,.,1.0,.,40.874,17.854,46.449,0.0,11.0
12,12,1o7j,1,A,A,15,15,,THR,169,.,1.0,.,43.405,15.515,44.851,0.0,12.0
13,13,1o7j,1,A,A,16,16,,ILE,183,.,1.0,.,43.573,18.013,41.945,0.0,13.0
14,14,1o7j,1,A,A,17,17,,ALA,202,.,1.0,.,45.48,20.187,44.495,0.0,14.0
15,15,1o7j,1,A,A,18,18,,GLY,212,.,1.0,.,47.384,17.282,46.052,0.0,15.0
16,16,1o7j,1,A,A,19,19,,SER,220,A,0.55,A,51.246,16.97,45.956,0.0,16.0
17,17,1o7j,1,A,A,20,20,,ALA,231,.,1.0,.,53.024,13.643,46.822,0.0,17.0
18,18,1o7j,1,A,A,21,21,,ALA,240,.,1.0,.,56.751,12.999,47.355,0.0,18.0
19,19,1o7j,1,A,A,22,22,,THR,250,.,1.0,.,57.247,11.039,44.144,0.0,19.0
20,20,1o7j,1,A,A,23,23,,GLY,264,.,1.0,.,55.634,10.834,40.685,0.0,20.0
21,21,1o7j,1,A,A,24,24,,THR,271,.,1.0,.,54.639,7.239,41.22,0.0,21.0
22,22,1o7j,1,A,A,25,25,,GLN,285,.,1.0,.,52.523,7.822,44.325,0.0,22.0
23,23,1o7j,1,A,A,26,26,,THR,300,.,1.0,.,48.875,7.807,43.243,0.0,23.0
24,24,1o7j,1,A,A,27,27,,THR,314,.,1.0,.,47.422,6.496,46.48,0.0,24.0
25,25,1o7j,1,A,A,28,28,,GLY,328,.,1.0,.,48.219,7.868,49.98,0.0,25.0
26,26,1o7j,1,A,A,29,29,,TYR,335,.,1.0,.,49.143,11.476,49.12,0.0,26.0
27,27,1o7j,1,A,A,30,30,,LYS,356,.,1.0,.,47.778,14.733,50.699,0.0,27.0
28,28,1o7j,1,A,A,31,31,,ALA,378,.,1.0,.,44.622,16.119,48.996,0.0,28.0
29,29,1o7j,1,A,A,32,32,,GLY,388,.,1.0,.,44.181,19.96,49.296,0.0,29.0
30,30,1o7j,1,A,A,33,33,,ALA,395,.,1.0,.,47.808,21.165,49.524,0.0,30.0
31,31,1o7j,1,A,A,34,34,,LEU,405,.,1.0,.,48.469,23.422,46.463,0.0,31.0
32,32,1o7j,1,A,A,35,35,,GLY,424,.,1.0,.,47.0,26.917,46.08,0.0,32.0
33,33,1o7j,1,A,A,36,36,,VAL,431,.,1.0,.,44.656,27.944,43.295,0.0,33.0
34,34,1o7j,1,A,A,37,37,,ASP,447,.,1.0,.,47.276,30.094,41.573,0.0,34.0
35,35,1o7j,1,A,A,38,38,,THR,459,.,1.0,.,49.652,27.1,41.43,0.0,35.0
36,36,1o7j,1,A,A,39,39,,LEU,473,.,1.0,.,46.93,25.072,39.671,0.0,36.0
37,37,1o7j,1,A,A,40,40,,ILE,492,.,1.0,.,46.391,27.904,37.167,0.0,37.0
38,38,1o7j,1,A,A,41,41,,ASN,511,.,1.0,.,50.106,28.384,36.573,0.0,38.0
39,39,1o7j,1,A,A,42,42,,ALA,525,.,1.0,.,50.628,24.708,35.753,0.0,39.0
40,40,1o7j,1,A,A,43,43,,VAL,535,.,1.0,.,48.375,25.288,32.672,0.0,40.0
41,41,1o7j,1,A,A,44,44,,PRO,551,.,1.0,.,49.232,28.794,31.483,0.0,41.0
42,42,1o7j,1,A,A,45,45,,GLU,565,.,1.0,.,47.377,27.84,28.18,0.0,42.0
43,43,1o7j,1,A,A,46,46,,VAL,580,.,1.0,.,44.276,28.725,30.119,0.0,43.0
44,44,1o7j,1,A,A,47,47,,LYS,596,.,1.0,.,44.952,32.422,29.454,0.0,44.0
45,45,1o7j,1,A,A,48,48,,LYS,618,.,1.0,.,43.99,31.773,25.833,0.0,45.0
46,46,1o7j,1,A,A,49,49,,LEU,640,.,1.0,.,40.556,30.486,26.897,0.0,46.0
47,47,1o7j,1,A,A,50,50,,ALA,659,.,1.0,.,39.53,33.073,29.501,0.0,47.0
48,48,1o7j,1,A,A,51,51,,ASN,669,.,1.0,.,40.575,35.913,31.697,0.0,48.0
49,49,1o7j,1,A,A,52,52,,VAL,683,.,1.0,.,40.905,33.873,34.88,0.0,49.0
50,50,1o7j,1,A,A,53,53,,LYS,699,.,1.0,.,41.037,34.88,38.546,0.0,50.0
51,51,1o7j,1,A,A,54,54,,GLY,721,.,1.0,.,41.683,32.431,41.367,0.0,51.0
52,52,1o7j,1,A,A,55,55,,GLU,728,.,1.0,.,39.953,32.558,44.765,0.0,52.0
53,53,1o7j,1,A,A,56,56,,GLN,743,.,1.0,.,40.808,30.171,47.606,0.0,53.0
54,54,1o7j,1,A,A,57,57,,PHE,760,.,1.0,.,37.515,29.129,49.271,0.0,54.0
55,55,1o7j,1,A,A,58,58,,SER,780,.,1.0,.,38.909,26.148,51.222,0.0,55.0
56,56,1o7j,1,A,A,59,59,,ASN,791,.,1.0,.,41.667,23.532,50.886,0.0,56.0
57,57,1o7j,1,A,A,60,60,,MET,805,.,1.0,.,40.393,20.156,52.133,0.0,57.0
58,58,1o7j,1,A,A,61,61,,ALA,822,.,1.0,.,40.084,16.542,50.982,0.0,58.0
59,59,1o7j,1,A,A,62,62,,SER,832,.,1.0,.,36.468,16.11,49.859,0.0,59.0
60,60,1o7j,1,A,A,63,63,,GLU,843,.,1.0,.,35.623,13.334,52.318,0.0,60.0
61,61,1o7j,1,A,A,64,64,,ASN,858,.,1.0,.,35.699,16.209,54.851,0.0,61.0
62,62,1o7j,1,A,A,65,65,,MET,872,.,1.0,.,33.33,18.562,52.967,0.0,62.0
63,63,1o7j,1,A,A,66,66,,THR,885,.,1.0,.,30.231,19.29,55.088,0.0,63.0
64,64,1o7j,1,A,A,67,67,,GLY,899,.,1.0,.,26.734,20.692,54.413,0.0,64.0
65,65,1o7j,1,A,A,68,68,,ASP,906,.,1.0,.,27.427,23.876,56.328,0.0,65.0
66,66,1o7j,1,A,A,69,69,,VAL,918,.,1.0,.,30.452,24.498,54.092,0.0,66.0
67,67,1o7j,1,A,A,70,70,,VAL,934,.,1.0,.,28.664,23.472,50.863,0.0,67.0
68,68,1o7j,1,A,A,71,71,,LEU,950,.,1.0,.,25.95,25.973,51.817,0.0,68.0
69,69,1o7j,1,A,A,72,72,,LYS,963,.,1.0,.,28.586,28.723,52.056,0.0,69.0
70,70,1o7j,1,A,A,73,73,,LEU,985,.,1.0,.,30.015,27.611,48.695,0.0,70.0
71,71,1o7j,1,A,A,74,74,,SER,1004,.,1.0,.,26.565,27.977,47.078,0.0,71.0
72,72,1o7j,1,A,A,75,75,,GLN,1013,.,1.0,.,26.157,31.428,48.655,0.0,72.0
73,73,1o7j,1,A,A,76,76,,ARG,1030,.,1.0,.,29.57,32.564,47.395,0.0,73.0
74,74,1o7j,1,A,A,77,77,,VAL,1054,.,1.0,.,28.878,31.285,43.879,0.0,74.0
75,75,1o7j,1,A,A,78,78,,ASN,1070,.,1.0,.,25.537,33.142,43.886,0.0,75.0
76,76,1o7j,1,A,A,79,79,,GLU,1084,.,1.0,.,27.394,36.33,44.884,0.0,76.0
77,77,1o7j,1,A,A,80,80,,LEU,1099,.,1.0,.,29.964,35.868,42.1,0.0,77.0
78,78,1o7j,1,A,A,81,81,,LEU,1118,.,1.0,.,27.434,35.142,39.371,0.0,78.0
79,79,1o7j,1,A,A,82,82,,ALA,1137,.,1.0,.,25.364,38.223,40.364,0.0,79.0
80,80,1o7j,1,A,A,83,83,,ARG,1147,.,1.0,.,28.332,40.338,39.153,0.0,80.0
81,81,1o7j,1,A,A,84,84,,ASP,1171,.,1.0,.,28.335,41.638,35.551,0.0,81.0
82,82,1o7j,1,A,A,85,85,,ASP,1183,.,1.0,.,32.116,41.033,35.369,0.0,82.0
83,83,1o7j,1,A,A,86,86,,VAL,1195,.,1.0,.,31.819,37.281,35.998,0.0,83.0
84,84,1o7j,1,A,A,87,87,,ASP,1211,.,1.0,.,30.667,35.063,33.108,0.0,84.0
85,85,1o7j,1,A,A,88,88,,GLY,1223,.,1.0,.,31.066,31.658,34.823,0.0,85.0
86,86,1o7j,1,A,A,89,89,,VAL,1230,.,1.0,.,32.749,29.809,37.666,0.0,86.0
87,87,1o7j,1,A,A,90,90,,VAL,1246,.,1.0,.,35.007,26.707,37.782,0.0,87.0
88,88,1o7j,1,A,A,91,91,,ILE,1262,.,1.0,.,35.086,25.024,41.205,0.0,88.0
89,89,1o7j,1,A,A,92,92,,THR,1281,.,1.0,.,38.145,22.805,41.907,0.0,89.0
90,90,1o7j,1,A,A,93,93,,HIS,1295,.,1.0,.,37.056,20.03,44.265,0.0,90.0
91,91,1o7j,1,A,A,94,94,,GLY,1312,.,1.0,.,37.85,16.532,45.416,0.0,91.0
92,92,1o7j,1,A,A,95,95,,THR,1319,.,1.0,.,36.359,13.584,43.543,0.0,92.0
93,93,1o7j,1,A,A,96,96,,ASP,1333,.,1.0,.,34.961,11.618,46.515,0.0,93.0
94,94,1o7j,1,A,A,97,97,,THR,1345,.,1.0,.,32.019,13.935,47.256,0.0,94.0
95,95,1o7j,1,A,A,98,98,,VAL,1359,.,1.0,.,31.87,16.202,44.184,0.0,95.0
96,96,1o7j,1,A,A,99,99,,GLU,1375,.,1.0,.,28.513,14.625,43.295,0.0,96.0
97,97,1o7j,1,A,A,100,100,,GLU,1390,.,1.0,.,27.057,15.844,46.625,0.0,97.0
98,98,1o7j,1,A,A,101,101,,SER,1405,.,1.0,.,28.434,19.419,46.424,0.0,98.0
99,99,1o7j,1,A,A,102,102,,ALA,1416,.,1.0,.,27.593,19.732,42.742,0.0,99.0
100,100,1o7j,1,A,A,103,103,,TYR,1426,.,1.0,.,23.992,18.546,43.156,0.0,100.0
101,101,1o7j,1,A,A,104,104,,PHE,1447,.,1.0,.,23.509,20.935,46.117,0.0,101.0
102,102,1o7j,1,A,A,105,105,,LEU,1467,.,1.0,.,24.617,23.882,43.919,0.0,102.0
103,103,1o7j,1,A,A,106,106,,HIS,1486,.,1.0,.,22.507,22.539,41.028,0.0,103.0
104,104,1o7j,1,A,A,107,107,,LEU,1503,.,1.0,.,19.437,23.077,43.211,0.0,104.0
105,105,1o7j,1,A,A,108,108,,THR,1522,.,1.0,.,20.41,26.414,44.84,0.0,105.0
106,106,1o7j,1,A,A,109,109,,VAL,1536,.,1.0,.,22.357,28.563,42.301,0.0,106.0
107,107,1o7j,1,A,A,110,110,,LYS,1552,.,1.0,.,20.027,31.289,40.977,0.0,107.0
108,108,1o7j,1,A,A,111,111,,SER,1574,.,1.0,.,21.788,31.944,37.652,0.0,108.0
109,109,1o7j,1,A,A,112,112,,ASP,1585,.,1.0,.,22.041,30.5,34.178,0.0,109.0
110,110,1o7j,1,A,A,113,113,,LYS,1597,.,1.0,.,25.763,31.3,33.974,0.0,110.0
111,111,1o7j,1,A,A,114,114,,PRO,1619,.,1.0,.,27.924,28.124,33.91,0.0,111.0
112,112,1o7j,1,A,A,115,115,,VAL,1633,.,1.0,.,29.008,26.5,37.145,0.0,112.0
113,113,1o7j,1,A,A,116,116,,VAL,1649,.,1.0,.,31.537,23.771,36.388,0.0,113.0
114,114,1o7j,1,A,A,117,117,,PHE,1665,.,1.0,.,33.015,21.523,39.079,0.0,114.0
115,115,1o7j,1,A,A,118,118,,VAL,1685,.,1.0,.,36.366,19.969,38.149,0.0,115.0
116,116,1o7j,1,A,A,119,119,,ALA,1701,.,1.0,.,38.421,17.308,39.944,0.0,116.0
117,117,1o7j,1,A,A,120,120,,ALA,1711,.,1.0,.,41.316,14.863,39.409,0.0,117.0
118,118,1o7j,1,A,A,121,121,,MET,1721,.,1.0,.,41.853,11.189,40.223,0.0,118.0
119,119,1o7j,1,A,A,122,122,,ARG,1738,.,1.0,.,45.679,11.526,40.286,0.0,119.0
120,120,1o7j,1,A,A,123,123,,PRO,1762,.,1.0,.,47.53,14.18,42.36,0.0,120.0
121,121,1o7j,1,A,A,124,124,,ALA,1776,.,1.0,.,49.224,17.099,40.634,0.0,121.0
122,122,1o7j,1,A,A,125,125,,THR,1786,.,1.0,.,52.662,15.447,41.078,0.0,122.0
123,123,1o7j,1,A,A,126,126,,ALA,1800,.,1.0,.,51.727,12.173,39.456,0.0,123.0
124,124,1o7j,1,A,A,127,127,,ILE,1810,.,1.0,.,53.062,10.718,36.246,0.0,124.0
125,125,1o7j,1,A,A,128,128,,SER,1829,.,1.0,.,50.325,11.376,33.676,0.0,125.0
126,126,1o7j,1,A,A,129,129,,ALA,1840,.,1.0,.,48.318,13.51,36.132,0.0,126.0
127,127,1o7j,1,A,A,130,130,,ASP,1850,.,1.0,.,44.798,14.209,34.829,0.0,127.0
128,128,1o7j,1,A,A,131,131,,GLY,1862,.,1.0,.,44.155,17.503,36.623,0.0,128.0
129,129,1o7j,1,A,A,132,132,,PRO,1869,.,1.0,.,45.91,19.845,34.146,0.0,129.0
130,130,1o7j,1,A,A,133,133,,MET,1883,.,1.0,.,43.797,18.748,31.176,0.0,130.0
131,131,1o7j,1,A,A,134,134,,ASN,1898,.,1.0,.,40.63,18.474,33.293,0.0,131.0
132,132,1o7j,1,A,A,135,135,,LEU,1912,.,1.0,.,41.062,22.096,34.439,0.0,132.0
133,133,1o7j,1,A,A,136,136,,LEU,1931,.,1.0,.,41.657,23.359,30.856,0.0,133.0
134,134,1o7j,1,A,A,137,137,,GLU,1944,.,1.0,.,38.517,21.527,29.727,0.0,134.0
135,135,1o7j,1,A,A,138,138,,ALA,1959,.,1.0,.,36.477,22.931,32.627,0.0,135.0
136,136,1o7j,1,A,A,139,139,,VAL,1969,.,1.0,.,37.538,26.529,31.773,0.0,136.0
137,137,1o7j,1,A,A,140,140,,ARG,1985,.,1.0,.,36.632,25.929,28.108,0.0,137.0
138,138,1o7j,1,A,A,141,141,,VAL,2009,.,1.0,.,33.179,24.654,29.181,0.0,138.0
139,139,1o7j,1,A,A,142,142,,ALA,2025,.,1.0,.,32.573,27.495,31.645,0.0,139.0
140,140,1o7j,1,A,A,143,143,,GLY,2035,.,1.0,.,33.477,30.152,29.065,0.0,140.0
141,141,1o7j,1,A,A,144,144,,ASP,2042,.,1.0,.,31.375,28.878,26.162,0.0,141.0
142,142,1o7j,1,A,A,145,145,,LYS,2054,.,1.0,.,28.071,30.728,25.574,0.0,142.0
143,143,1o7j,1,A,A,146,146,,GLN,2076,.,1.0,.,26.496,27.42,24.613,0.0,143.0
144,144,1o7j,1,A,A,147,147,,SER,2093,.,1.0,.,27.067,26.189,28.168,0.0,144.0
145,145,1o7j,1,A,A,148,148,,ARG,2104,.,1.0,.,24.46,28.54,29.721,0.0,145.0
146,146,1o7j,1,A,A,149,149,,GLY,2128,.,1.0,.,21.274,27.136,31.295,0.0,146.0
147,147,1o7j,1,A,A,150,150,,ARG,2135,.,1.0,.,22.467,23.533,31.518,0.0,147.0
148,148,1o7j,1,A,A,151,151,,GLY,2159,.,1.0,.,22.392,23.159,35.28,0.0,148.0
149,149,1o7j,1,A,A,152,152,,VAL,2166,.,1.0,.,25.518,22.495,37.299,0.0,149.0
150,150,1o7j,1,A,A,153,153,,MET,2182,.,1.0,.,28.179,20.413,35.497,0.0,150.0
151,151,1o7j,1,A,A,154,154,,VAL,2199,.,1.0,.,31.07,18.12,36.484,0.0,151.0
152,152,1o7j,1,A,A,155,155,,VAL,2215,.,1.0,.,33.974,18.079,33.952,0.0,152.0
153,153,1o7j,1,A,A,156,156,,ILE,2231,.,1.0,.,36.659,15.392,34.041,0.0,153.0
154,154,1o7j,1,A,A,157,157,,ASN,2250,.,1.0,.,38.276,12.96,31.574,0.0,154.0
155,155,1o7j,1,A,A,158,158,,ASP,2264,.,1.0,.,36.87,14.736,28.474,0.0,155.0
156,156,1o7j,1,A,A,159,159,,ARG,2276,.,1.0,.,33.277,14.382,29.752,0.0,156.0
157,157,1o7j,1,A,A,160,160,,ILE,2300,.,1.0,.,30.58,16.88,30.873,0.0,157.0
158,158,1o7j,1,A,A,161,161,,GLY,2319,.,1.0,.,28.21,15.311,33.427,0.0,158.0
159,159,1o7j,1,A,A,162,162,,SER,2326,.,1.0,.,25.0,16.756,34.925,0.0,159.0
160,160,1o7j,1,A,A,163,163,,ALA,2337,.,1.0,.,25.187,17.131,38.687,0.0,160.0
161,161,1o7j,1,A,A,164,164,,ARG,2347,.,1.0,.,21.799,15.353,38.968,0.0,161.0
162,162,1o7j,1,A,A,165,165,,TYR,2371,.,1.0,.,23.018,12.152,37.211,0.0,162.0
163,163,1o7j,1,A,A,166,166,,ILE,2392,.,1.0,.,26.829,11.929,37.422,0.0,163.0
164,164,1o7j,1,A,A,167,167,,THR,2411,.,1.0,.,28.396,9.814,40.165,0.0,164.0
165,165,1o7j,1,A,A,168,168,,LYS,2425,.,1.0,.,31.826,8.407,41.079,0.0,165.0
166,166,1o7j,1,A,A,169,169,,THR,2447,.,1.0,.,31.344,4.756,40.007,0.0,166.0
167,167,1o7j,1,A,A,170,170,,ASN,2461,.,1.0,.,34.877,3.405,40.601,0.0,167.0
168,168,1o7j,1,A,A,171,171,,ALA,2475,.,1.0,.,37.142,3.82,43.625,0.0,168.0
169,169,1o7j,1,A,A,172,172,,SER,2485,.,1.0,.,40.319,4.459,41.679,0.0,169.0
170,170,1o7j,1,A,A,173,173,,THR,2496,.,1.0,.,40.16,4.924,37.852,0.0,170.0
171,171,1o7j,1,A,A,174,174,,LEU,2510,.,1.0,.,40.455,8.05,35.725,0.0,171.0
172,172,1o7j,1,A,A,175,175,,ASP,2529,.,1.0,.,37.14,7.216,33.999,0.0,172.0
173,173,1o7j,1,A,A,176,176,,THR,2541,.,1.0,.,35.185,6.77,37.223,0.0,173.0
174,174,1o7j,1,A,A,177,177,,PHE,2555,.,1.0,.,32.584,9.5,36.626,0.0,174.0
175,175,1o7j,1,A,A,178,178,,ARG,2575,.,1.0,.,29.688,8.023,34.633,0.0,175.0
176,176,1o7j,1,A,A,179,179,,ALA,2599,.,1.0,.,25.893,8.237,34.45,0.0,176.0
177,177,1o7j,1,A,A,180,180,,ASN,2609,.,1.0,.,25.19,4.747,33.153,0.0,177.0
178,178,1o7j,1,A,A,181,181,,GLU,2623,.,1.0,.,21.481,5.232,32.269,0.0,178.0
179,179,1o7j,1,A,A,182,182,,GLU,2638,.,1.0,.,21.507,8.988,31.542,0.0,179.0
180,180,1o7j,1,A,A,183,183,,GLY,2653,.,1.0,.,24.847,9.532,29.753,0.0,180.0
181,181,1o7j,1,A,A,184,184,,TYR,2660,.,1.0,.,26.835,12.721,29.572,0.0,181.0
182,182,1o7j,1,A,A,185,185,,LEU,2681,.,1.0,.,25.484,16.173,28.775,0.0,182.0
183,183,1o7j,1,A,A,186,186,,GLY,2700,.,1.0,.,28.472,16.568,26.41,0.0,183.0
184,184,1o7j,1,A,A,187,187,,VAL,2707,.,1.0,.,32.125,15.745,25.667,0.0,184.0
185,185,1o7j,1,A,A,188,188,,ILE,2723,.,1.0,.,35.274,17.808,24.942,0.0,185.0
186,186,1o7j,1,A,A,189,189,,ILE,2742,.,1.0,.,37.418,16.333,22.112,0.0,186.0
187,187,1o7j,1,A,A,190,190,,GLY,2761,.,1.0,.,40.035,18.096,19.997,0.0,187.0
188,188,1o7j,1,A,A,191,191,,ASN,2768,.,1.0,.,39.545,21.365,21.887,0.0,188.0
189,189,1o7j,1,A,A,192,192,,ARG,2782,.,1.0,.,35.851,21.459,20.847,0.0,189.0
190,190,1o7j,1,A,A,193,193,,ILE,2806,.,1.0,.,32.668,20.97,22.944,0.0,190.0
191,191,1o7j,1,A,A,194,194,,TYR,2825,.,1.0,.,30.005,18.558,21.684,0.0,191.0
192,192,1o7j,1,A,A,195,195,,TYR,2846,.,1.0,.,26.684,18.998,23.561,0.0,192.0
193,193,1o7j,1,A,A,196,196,,GLN,2867,.,1.0,.,24.486,15.88,23.464,0.0,193.0
194,194,1o7j,1,A,A,197,197,,ASN,2884,.,1.0,.,21.638,16.303,25.95,0.0,194.0
195,195,1o7j,1,A,A,198,198,,ARG,2898,.,1.0,.,19.747,18.781,28.105,0.0,195.0
196,196,1o7j,1,A,A,199,199,,ILE,2922,.,1.0,.,18.521,17.324,31.408,0.0,196.0
197,197,1o7j,1,A,A,200,200,,ASP,2935,.,1.0,.,14.713,17.044,31.676,0.0,197.0
198,198,1o7j,1,A,A,201,201,,LYS,2947,.,1.0,.,14.536,18.137,35.327,0.0,198.0
199,199,1o7j,1,A,A,202,202,,LEU,2969,.,1.0,.,14.146,21.399,37.264,0.0,199.0
200,200,1o7j,1,A,A,203,203,,HIS,2988,.,1.0,.,17.348,23.138,38.411,0.0,200.0
201,201,1o7j,1,A,A,204,204,,THR,3005,.,1.0,.,19.057,26.498,39.112,0.0,201.0
202,202,1o7j,1,A,A,205,205,,THR,3019,.,1.0,.,16.803,29.393,37.962,0.0,202.0
203,203,1o7j,1,A,A,206,206,,ARG,3033,.,1.0,.,13.656,27.167,37.923,0.0,203.0
204,204,1o7j,1,A,A,207,207,,SER,3057,.,1.0,.,14.289,25.64,41.369,0.0,204.0
205,205,1o7j,1,A,A,208,208,,VAL,3068,.,1.0,.,12.237,26.551,44.453,0.0,205.0
206,206,1o7j,1,A,A,209,209,,PHE,3079,.,1.0,.,15.185,25.845,46.795,0.0,206.0
207,207,1o7j,1,A,A,210,210,,ASP,3099,.,1.0,.,16.779,29.03,48.061,0.0,207.0
208,208,1o7j,1,A,A,211,211,,VAL,3111,.,1.0,.,19.203,28.869,50.907,0.0,208.0
209,209,1o7j,1,A,A,212,212,,ARG,3127,.,1.0,.,20.698,32.406,50.796,0.0,209.0
210,210,1o7j,1,A,A,213,213,,GLY,3151,.,1.0,.,19.036,33.112,54.133,0.0,210.0
211,211,1o7j,1,A,A,214,214,,LEU,3158,.,1.0,.,20.237,29.919,55.895,0.0,211.0
212,212,1o7j,1,A,A,215,215,,THR,3177,.,1.0,.,23.438,28.852,57.672,0.0,212.0
213,213,1o7j,1,A,A,216,216,,SER,3191,.,1.0,.,22.804,25.077,58.03,0.0,213.0
214,214,1o7j,1,A,A,217,217,,LEU,3200,.,1.0,.,20.546,22.354,56.656,0.0,214.0
215,215,1o7j,1,A,A,218,218,,PRO,3219,.,1.0,.,18.237,19.755,58.294,0.0,215.0
216,216,1o7j,1,A,A,219,219,,LYS,3233,.,1.0,.,20.119,16.643,59.472,0.0,216.0
217,217,1o7j,1,A,A,220,220,,VAL,3255,.,1.0,.,19.726,13.568,57.251,0.0,217.0
218,218,1o7j,1,A,A,221,221,,ASP,3271,.,1.0,.,21.553,10.23,57.698,0.0,218.0
219,219,1o7j,1,A,A,222,222,,ILE,3283,.,1.0,.,21.95,7.295,55.314,0.0,219.0
220,220,1o7j,1,A,A,223,223,,LEU,3302,.,1.0,.,21.385,3.669,56.426,0.0,220.0
221,221,1o7j,1,A,A,224,224,,TYR,3321,.,1.0,.,22.419,0.684,54.272,0.0,221.0
222,222,1o7j,1,A,A,225,225,,GLY,3342,.,1.0,.,20.26,-2.298,53.303,0.0,222.0
223,223,1o7j,1,A,A,226,226,,TYR,3349,.,1.0,.,21.693,-5.821,53.402,0.0,223.0
224,224,1o7j,1,A,A,227,227,,GLN,3370,.,1.0,.,20.998,-9.277,54.807,0.0,224.0
225,225,1o7j,1,A,A,228,228,,ASP,3387,.,1.0,.,20.598,-9.077,58.624,0.0,225.0
226,226,1o7j,1,A,A,229,229,,ASP,3399,.,1.0,.,20.397,-5.289,58.61,0.0,226.0
227,227,1o7j,1,A,A,230,230,,PRO,3411,.,1.0,.,19.761,-4.09,62.184,0.0,227.0
228,228,1o7j,1,A,A,231,231,,GLU,3425,.,1.0,.,16.764,-2.221,63.582,0.0,228.0
229,229,1o7j,1,A,A,232,232,,TYR,3440,.,1.0,.,18.99,-0.521,66.211,0.0,229.0
230,230,1o7j,1,A,A,233,233,,LEU,3461,.,1.0,.,20.621,1.823,63.63,0.0,230.0
231,231,1o7j,1,A,A,234,234,,TYR,3480,.,1.0,.,17.163,3.345,63.026,0.0,231.0
232,232,1o7j,1,A,A,235,235,,ASP,3501,.,1.0,.,16.763,3.815,66.779,0.0,232.0
233,233,1o7j,1,A,A,236,236,,ALA,3513,.,1.0,.,20.198,5.465,66.976,0.0,233.0
234,234,1o7j,1,A,A,237,237,,ALA,3523,.,1.0,.,19.425,7.894,64.112,0.0,234.0
235,235,1o7j,1,A,A,238,238,,ILE,3533,.,1.0,.,16.073,8.84,65.646,0.0,235.0
236,236,1o7j,1,A,A,239,239,,GLN,3552,.,1.0,.,17.666,9.42,69.048,0.0,236.0
237,237,1o7j,1,A,A,240,240,,HIS,3567,.,1.0,.,20.375,11.699,67.504,0.0,237.0
238,238,1o7j,1,A,A,241,241,,GLY,3584,.,1.0,.,17.796,14.092,66.089,0.0,238.0
239,239,1o7j,1,A,A,242,242,,VAL,3591,.,1.0,.,17.668,13.248,62.397,0.0,239.0
240,240,1o7j,1,A,A,243,243,,LYS,3607,.,1.0,.,14.966,15.036,60.373,0.0,240.0
241,241,1o7j,1,A,A,244,244,,GLY,3629,.,1.0,.,15.268,12.477,57.54,0.0,241.0
242,242,1o7j,1,A,A,245,245,,ILE,3636,.,1.0,.,16.662,9.027,56.852,0.0,242.0
243,243,1o7j,1,A,A,246,246,,VAL,3655,.,1.0,.,17.74,7.962,53.353,0.0,243.0
244,244,1o7j,1,A,A,247,247,,TYR,3671,.,1.0,.,17.736,4.153,52.977,0.0,244.0
245,245,1o7j,1,A,A,248,248,,ALA,3692,.,1.0,.,20.371,2.726,50.553,0.0,245.0
246,246,1o7j,1,A,A,249,249,,GLY,3702,.,1.0,.,18.071,-0.194,50.012,0.0,246.0
247,247,1o7j,1,A,A,250,250,,MET,3709,.,1.0,.,18.305,-3.704,48.72,0.0,247.0
248,248,1o7j,1,A,A,251,251,,GLY,3726,.,1.0,.,17.155,-3.761,45.112,0.0,248.0
249,249,1o7j,1,A,A,252,252,,ALA,3733,.,1.0,.,14.253,-1.369,44.42,0.0,249.0
250,250,1o7j,1,A,A,253,253,,GLY,3743,.,1.0,.,14.182,0.091,47.944,0.0,250.0
251,251,1o7j,1,A,A,254,254,,SER,3750,.,1.0,.,13.046,-3.216,49.432,0.0,251.0
252,252,1o7j,1,A,A,255,255,,VAL,3759,.,1.0,.,12.945,-3.432,53.217,0.0,252.0
253,253,1o7j,1,A,A,256,256,,SER,3775,.,1.0,.,13.471,-6.331,55.628,0.0,253.0
254,254,1o7j,1,A,A,257,257,,VAL,3786,.,1.0,.,11.109,-6.921,58.576,0.0,254.0
255,255,1o7j,1,A,A,258,258,,ARG,3797,.,1.0,.,13.759,-5.179,60.763,0.0,255.0
256,256,1o7j,1,A,A,259,259,,GLY,3821,.,1.0,.,14.057,-2.157,58.486,0.0,256.0
257,257,1o7j,1,A,A,260,260,,ILE,3828,.,1.0,.,10.245,-1.824,58.382,0.0,257.0
258,258,1o7j,1,A,A,261,261,,ALA,3847,.,1.0,.,10.047,-1.751,62.174,0.0,258.0
259,259,1o7j,1,A,A,262,262,,GLY,3857,.,1.0,.,12.786,0.889,62.243,0.0,259.0
260,260,1o7j,1,A,A,263,263,,MET,3864,.,1.0,.,11.104,3.012,59.591,0.0,260.0
261,261,1o7j,1,A,A,264,264,,ARG,3881,.,1.0,.,7.734,2.879,61.35,0.0,261.0
262,262,1o7j,1,A,A,265,265,,LYS,3900,.,1.0,.,9.414,4.14,64.569,0.0,262.0
263,263,1o7j,1,A,A,266,266,,ALA,3922,.,1.0,.,10.997,6.993,62.559,0.0,263.0
264,264,1o7j,1,A,A,267,267,,LEU,3932,.,1.0,.,7.672,7.957,60.979,0.0,264.0
265,265,1o7j,1,A,A,268,268,,GLU,3951,.,1.0,.,5.954,8.047,64.395,0.0,265.0
266,266,1o7j,1,A,A,269,269,,LYS,3966,.,1.0,.,8.598,10.613,65.486,0.0,266.0
267,267,1o7j,1,A,A,270,270,,GLY,3988,.,1.0,.,8.015,12.844,62.451,0.0,267.0
268,268,1o7j,1,A,A,271,271,,VAL,3995,.,1.0,.,11.202,11.768,60.628,0.0,268.0
269,269,1o7j,1,A,A,272,272,,VAL,4011,.,1.0,.,10.843,11.622,56.811,0.0,269.0
270,270,1o7j,1,A,A,273,273,,VAL,4027,.,1.0,.,11.963,8.256,55.406,0.0,270.0
271,271,1o7j,1,A,A,274,274,,MET,4043,.,1.0,.,13.231,8.147,51.8,0.0,271.0
272,272,1o7j,1,A,A,275,275,,ARG,4060,.,1.0,.,13.847,4.763,50.144,0.0,272.0
273,273,1o7j,1,A,A,276,276,,SER,4084,.,1.0,.,16.735,4.753,47.608,0.0,273.0
274,274,1o7j,1,A,A,277,277,,THR,4095,.,1.0,.,18.934,1.844,46.395,0.0,274.0
275,275,1o7j,1,A,A,278,278,,ARG,4109,.,1.0,.,22.441,0.499,47.041,0.0,275.0
276,276,1o7j,1,A,A,279,279,,THR,4128,.,1.0,.,22.599,-0.961,43.523,0.0,276.0
277,277,1o7j,1,A,A,280,280,,GLY,4142,.,1.0,.,24.052,2.107,41.788,0.0,277.0
278,278,1o7j,1,A,A,281,281,,ASN,4149,.,1.0,.,21.429,2.943,39.193,0.0,278.0
279,279,1o7j,1,A,A,282,282,,GLY,4163,.,1.0,.,17.758,3.031,38.23,0.0,279.0
280,280,1o7j,1,A,A,283,283,,ILE,4170,.,1.0,.,14.278,3.674,39.565,0.0,280.0
281,281,1o7j,1,A,A,284,284,,VAL,4189,.,1.0,.,12.864,2.981,43.022,0.0,281.0
282,282,1o7j,1,A,A,285,285,,PRO,4205,.,1.0,.,9.126,2.821,42.207,0.0,282.0
283,283,1o7j,1,A,A,286,286,,PRO,4219,.,1.0,.,6.231,3.726,44.529,0.0,283.0
284,284,1o7j,1,A,A,287,287,,ASP,4233,.,1.0,.,4.822,0.978,46.715,0.0,284.0
285,285,1o7j,1,A,A,288,288,,GLU,4245,.,1.0,.,2.012,1.851,49.199,0.0,285.0
286,286,1o7j,1,A,A,289,289,,GLU,4260,.,1.0,.,2.628,-1.379,51.104,0.0,286.0
287,287,1o7j,1,A,A,290,290,,LEU,4275,.,1.0,.,6.054,-0.123,52.271,0.0,287.0
288,288,1o7j,1,A,A,291,291,,PRO,4294,.,1.0,.,6.855,2.75,54.66,0.0,288.0
289,289,1o7j,1,A,A,292,292,,GLY,4308,.,1.0,.,8.3,6.021,53.455,0.0,289.0
290,290,1o7j,1,A,A,293,293,,LEU,4315,.,1.0,.,8.799,7.82,50.173,0.0,290.0
291,291,1o7j,1,A,A,294,294,,VAL,4334,.,1.0,.,10.733,6.672,47.086,0.0,291.0
292,292,1o7j,1,A,A,295,295,,SER,4350,.,1.0,.,13.783,8.25,45.495,0.0,292.0
293,293,1o7j,1,A,A,296,296,,ASP,4361,.,1.0,.,12.994,7.993,41.78,0.0,293.0
294,294,1o7j,1,A,A,297,297,,SER,4373,.,1.0,.,16.449,7.64,40.094,0.0,294.0
295,295,1o7j,1,A,A,298,298,,LEU,4384,.,1.0,.,18.356,9.514,42.844,0.0,295.0
296,296,1o7j,1,A,A,299,299,,ASN,4397,.,1.0,.,21.167,7.473,44.402,0.0,296.0
297,297,1o7j,1,A,A,300,300,,PRO,4411,.,1.0,.,21.629,7.689,48.203,0.0,297.0
298,298,1o7j,1,A,A,301,301,,ALA,4425,.,1.0,.,24.154,10.545,48.189,0.0,298.0
299,299,1o7j,1,A,A,302,302,,HIS,4435,.,1.0,.,21.974,12.671,45.844,0.0,299.0
300,300,1o7j,1,A,A,303,303,,ALA,4452,.,1.0,.,18.751,11.704,47.662,0.0,300.0
301,301,1o7j,1,A,A,304,304,,ARG,4462,.,1.0,.,20.193,12.956,50.946,0.0,301.0
302,302,1o7j,1,A,A,305,305,,ILE,4486,.,1.0,.,21.021,16.371,49.394,0.0,302.0
303,303,1o7j,1,A,A,306,306,,LEU,4505,.,1.0,.,17.535,16.774,47.925,0.0,303.0
304,304,1o7j,1,A,A,307,307,,LEU,4524,.,1.0,.,15.865,15.625,51.163,0.0,304.0
305,305,1o7j,1,A,A,308,308,,MET,4543,.,1.0,.,17.869,18.155,53.219,0.0,305.0
306,306,1o7j,1,A,A,309,309,,LEU,4556,.,1.0,.,16.749,20.94,50.845,0.0,306.0
307,307,1o7j,1,A,A,310,310,,ALA,4575,.,1.0,.,13.118,19.662,50.759,0.0,307.0
308,308,1o7j,1,A,A,311,311,,LEU,4585,.,1.0,.,13.004,19.845,54.581,0.0,308.0
309,309,1o7j,1,A,A,312,312,,THR,4604,.,1.0,.,13.872,23.569,54.469,0.0,309.0
310,310,1o7j,1,A,A,313,313,,ARG,4618,.,1.0,.,10.481,24.126,52.793,0.0,310.0
311,311,1o7j,1,A,A,314,314,,THR,4637,.,1.0,.,8.047,21.48,53.975,0.0,311.0
312,312,1o7j,1,A,A,315,315,,SER,4651,.,1.0,.,7.475,18.33,56.0,0.0,312.0
313,313,1o7j,1,A,A,316,316,,ASP,4662,.,1.0,.,4.465,17.278,53.883,0.0,313.0
314,314,1o7j,1,A,A,317,317,,PRO,4674,.,1.0,.,5.369,13.877,52.408,0.0,314.0
315,315,1o7j,1,A,A,318,318,,LYS,4688,.,1.0,.,3.222,14.502,49.293,0.0,315.0
316,316,1o7j,1,A,A,319,319,,VAL,4703,.,1.0,.,5.157,17.662,48.477,0.0,316.0
317,317,1o7j,1,A,A,320,320,,ILE,4719,.,1.0,.,8.52,16.008,49.151,0.0,317.0
318,318,1o7j,1,A,A,321,321,,GLN,4738,.,1.0,.,7.592,13.037,46.954,0.0,318.0
319,319,1o7j,1,A,A,322,322,,GLU,4755,.,1.0,.,6.758,15.395,44.077,0.0,319.0
320,320,1o7j,1,A,A,323,323,,TYR,4770,.,1.0,.,10.145,17.121,44.463,0.0,320.0
321,321,1o7j,1,A,A,324,324,,PHE,4791,.,1.0,.,11.855,13.719,44.089,0.0,321.0
322,322,1o7j,1,A,A,325,325,,HIS,4811,.,1.0,.,10.048,13.183,40.751,0.0,322.0
323,323,1o7j,1,A,A,326,326,,THR,4828,.,1.0,.,10.859,16.633,39.364,0.0,323.0
324,324,1o7j,1,A,A,327,327,,TYR,4842,.,1.0,.,14.405,17.609,40.605,0.0,324.0
