path,kind,bytes,modified_utc,sha256
0.analyze_CPS.ipynb,notebook,13708535,2026-09-15T14:37:25.841185+00:00,fe82350bfddc669109164f09aee8c974df365b74c83ed4aaeded71fb73df30e9
0.analyze_hurricans.ipynb,notebook,12799389,2026-09-15T18:53:34.100933+00:00,0b34da82a9f8e048ed5d9574a63eb93c72ef04c2f9cc995e97fe50d1cdb8cf1d
0.analyze_independent.ipynb,notebook,3061334,2026-09-14T11:34:36.581953+00:00,e23c25dc594ccca5ac310e6f36239001cc32aef0af3b6b1cb549c12bd28afafc
1.analyze_CPS.ipynb,notebook,6658074,2026-09-15T18:53:32.494154+00:00,da9fae51ab430aea0f2d92a813eec8f350cea0f2fc1e002f8fee4e9a3ba8f45e
1.analyze_independent.ipynb,notebook,2955118,2026-09-14T19:14:41.879161+00:00,dd17b6b99bf21b871069cffe4d878b3d7f8eea287a203cbcd1cfbf63731688df
add_dual_bar_reporting.py,implementation,2714,2026-09-15T06:49:07.747860+00:00,c3aa2b9b9b5e0a6f919be22ac5b1650201a8ef05a0c0884ed8109c7d2ad65164
add_graph_reporting.py,implementation,5636,2026-09-15T14:30:45.798028+00:00,20f31d7ee905e06d12699a19c65a67a9bd74e4351aab5682a1be4fde2fd609dd
add_parameter_reporting.py,implementation,3951,2026-09-15T10:51:50.637118+00:00,b69f4301d0fd1140b715e0456150a6633fd84a265de65627c47ab97887c9d397
benchmark_fragments.py,implementation,1631,2026-09-14T08:37:32.359400+00:00,6928c0b8a417bcda1c83625d00a624eb73a695d201cca2764173b93227cf826f
build_cps_notebook.py,implementation,28854,2026-09-15T12:49:48.644476+00:00,5ac594c62b04974b2992ab0abee75874681257cac88f1b542b0e2ac4b113eb74
build_decimation_notebook.py,implementation,22630,2026-09-14T19:04:39.191441+00:00,f9b5276f7f8abd16a5f11e0bc5316af2ea6ff275ecf7dc22b0c7ed1633476b73
build_hurricane_auxiliary_notebook.py,implementation,8222,2026-09-15T18:01:25.532269+00:00,59c7213a294fccf44a8f46ecdcf6bd29e8e5c03c137517beb8eccd0fe09b4ece
build_hurricane_cps_notebook.py,implementation,12810,2026-09-15T18:01:07.157631+00:00,2828585db57bf9df055035f47f5850c29eda155a02f39d1c86d9213f7b0a0310
build_notebook.py,implementation,29462,2026-09-14T09:00:59.815596+00:00,1b8bbb28ab67b0eedba99a582d1559a9cf7fcb26b7b8a7b231b5d8b270080967
build_small_notebook.py,implementation,20373,2026-09-14T12:54:37.237080+00:00,59791a3a70eee35f75724b4a75acd542d9701d4d5a0c9d9a5ce14ecedd3f8979
cps_graph_sizes.py,implementation,9897,2026-09-15T14:36:55.523838+00:00,cfa5fa06ba5d11f507c551bf68144e2b050212a52103d943b519e790b4d39180
cps_notebook_data.py,implementation,6532,2026-09-15T04:50:41.205180+00:00,5da5282a67e542bb7b76836a3e3993b3bda76fcf31c2d7a393dfeb23ac253c33
cps_notebook_plots.py,implementation,7046,2026-09-15T05:33:39.243582+00:00,16d0dd222cb9304a11bd93affebae11ff013726081eeceb12304ff5770053654
cps_notebook_run.py,implementation,4255,2026-09-14T20:03:57.813886+00:00,582798e5a2a405d359bfb83a3334d752947a277b40ef9c8e406d8725ebe47418
cps_paper_algorithms.py,implementation,10550,2026-09-14T20:18:15.091075+00:00,49bca757aacc4d81c9263416c79b91da6fbb2df5358e9e4bb80d97d08802d876
cps_parameter_table.py,implementation,5379,2026-09-15T10:51:38.775908+00:00,4c56d5e68a5c6c4003071020d58e88de8e1e19a5ba0787ad7f045b99048d2290
cps_quality.py,implementation,4606,2026-09-15T05:32:22.229376+00:00,9d59fb7835363186a17224efbd4b0545945730c746e3d2529b7f27d315308d19
cps_quality_plots.py,implementation,10479,2026-09-15T06:48:31.491526+00:00,322de0ab30546325ef83ef15388ad048240a22ef5186f299a61f3a172e1038da
curve_algorithms.py,implementation,8840,2026-09-14T08:37:27.015657+00:00,85e1f6444f23091810a3042decc3e2945a273d2b83cb5da3c6b76f8b495c98e7
decimation_algorithms.py,implementation,5100,2026-09-14T18:33:21.389688+00:00,bd69dea592ec739bff8213474e95efb25cfdb4331212f72c438a952fd46481c2
decimation_data.py,implementation,4644,2026-09-14T18:44:53.218159+00:00,14c069082380eb08ef5cdc2ba74f9bb5f6424d3a3f96e1a3e4b6177ad2b208d6
decimation_figures.py,implementation,11566,2026-09-14T18:47:48.548533+00:00,6d173a4bcd60ef6156bd585e2c46b27abba2b927926f159dc373f5369704480a
decimation_pipeline.py,implementation,6163,2026-09-14T18:51:55.422795+00:00,f0bee8795bb2df3cedc87845379943f7aeaa0ea3bea4eabed911a256f4013f6b
execute_cps_notebook.py,implementation,1311,2026-09-14T20:15:15.926611+00:00,c2326e0425be427640f1dedff1cfff26cf158ca44376ab008d0681487069d51d
execute_cps_w8.py,implementation,2634,2026-09-15T11:12:15.952934+00:00,38310cb3371985c48d82fa93a1ffcd6423b3aaa1bf53a2510ebf71ef2980e444
execute_decimation_notebook.py,implementation,1331,2026-09-14T18:57:37.610602+00:00,a6749f6ff87ca4f023bb15fb15f59844017e40274ec73a1ff7764ed69d7502b9
execute_hurricane_cps.py,implementation,903,2026-09-15T16:29:42.828012+00:00,27a38cf6ef12c5ba81ada9fe61f43f96c7b2fb591b3254e28aac10557faa3ecf
execute_notebook.py,implementation,3097,2026-09-14T08:57:09.215429+00:00,eeabb303f2701e5ac5f453de9343ad2708ddbb7a6dc1d6adead3050bd0124df8
execute_small_notebook.py,implementation,1299,2026-09-14T12:54:38.784963+00:00,06ca2b72490d8e55731edc3fe2cf18874a170a92e464fb6c0cf090a7a8065e55
expand_hurricane_analysis.py,implementation,5592,2026-09-15T18:07:12.506288+00:00,73bc417eb926d9f05ca7ebc46fa359b3e93433ec74d01c062a591fcbc32cdfaa
finalize_expanded_hurricanes.py,implementation,3849,2026-09-15T18:11:04.667788+00:00,83a33c1978cb6e1bfd73c647189cc7b40ea2ad92d03baaacfed6a7ae8f9ca8cb
hurricane_auxiliary.py,implementation,9035,2026-09-15T17:10:52.060866+00:00,b19cc4ac4070817f5ba9c848b222fff2dd3157e623bd0f4cbbb78086636540b3
hurricane_cps.py,implementation,13438,2026-09-15T17:50:39.598904+00:00,77f880259e171160ad60a7ea8194f3897444d9cdcdbd4b78e8bede2cb16f1f22
inspect_cps_sources.py,implementation,501,2026-09-14T20:00:46.844270+00:00,972e7b956c944adab1ba7a71de7d7e2c35d14c8bf788208ae314388292c3a92d
inspect_sources.py,implementation,1294,2026-09-14T08:02:11.094563+00:00,0b6a8a8fb18191ce1c877b5e2f843e9cd5398044b35d297fdd26de555c09d2bd
notebook_plots.py,implementation,5264,2026-09-14T09:00:11.071493+00:00,44b2248fbe1db83db964d7289fa8efb84de9e2cc173e7b151fe471294de812ab
prepare_sources.py,implementation,1364,2026-09-14T07:51:24.825877+00:00,1fe628e83dabd90f6cf85c5184ba1aa8b89b26affaf8b5986af18351552271cb
probe_cps_papers.py,implementation,454,2026-09-14T20:04:00.001239+00:00,204a4d843a7190e4a1cb48afd48916345c80e047a5a82ff87fd2053280d9cb83
protein_data.py,implementation,10777,2026-09-14T08:51:49.399511+00:00,9a09543c2f911c82bf955ee821440d9164ae2ca15c65b0399e233887966cd767
refresh_cps_reporting.py,implementation,2968,2026-09-15T05:43:11.246342+00:00,7579ac60bd2239e57642adfa94c084f566fcb4c623fe2603c1b4c7f47636c59c
refresh_hurricane_tracks.py,implementation,1248,2026-09-15T16:38:46.858804+00:00,ffde249b145b78975c75727d77622a628e62f2243e3a61344c28fe6ba518af26
render_paper_checks.py,implementation,424,2026-09-14T08:38:12.440900+00:00,073907f83caf466542e83032c75c517ba4b5fcb8f0a1bd3e6c5b5273970eb7f4
setup_structural_alignment.py,implementation,1122,2026-09-14T12:20:38.173609+00:00,c1c86de193f8cdf99fa71bc0e9114b1a96f265d87f02b9f3460f0a19baebdffc
small_pair_data.py,implementation,6457,2026-09-14T12:23:14.271675+00:00,4280f311510844c13276ad4c60e11353fc8e9b3376480d105b69b18cde5de63b
small_pair_pipeline.py,implementation,5592,2026-09-14T12:46:35.795933+00:00,dca8855f6b40553884863ed372479060960bf88752a288790dafb63171fffd01
small_pair_plots.py,implementation,8777,2026-09-14T12:51:06.302706+00:00,1969e52f16e9a20e9d739f53aca8eeb5f965a3b79b658bac932afde03c32ac51
small_pair_solvers.py,implementation,4601,2026-09-14T12:23:19.913428+00:00,11978822879b8e696d80c5064da1998acc1e7297bd32925c385009cf3605fb45
update_cps_notebook.py,implementation,5431,2026-09-15T04:51:38.679464+00:00,8d59391b56872d48482cdf58fb854e03070e56387a8f5d0ca4604402d4894cf2
validate_cps_deliverable.py,implementation,3620,2026-09-15T11:25:27.631093+00:00,06a7d0b8e423c71b1c5901644d100a0f0469a525dcd0fc412d839015efc0cb00
validate_decimation_output.py,implementation,3855,2026-09-14T19:05:18.778543+00:00,8aea12ba1b8e8ddd3c64b07e7c98114718b49219584d4126762500ad2234835f
validate_deliverable.py,implementation,1596,2026-09-14T09:02:48.635466+00:00,950185e5a18cdb60f6994722f0d1e889e2c638d4f0d39b2495074b9b5dc53c9e
validate_hurricane_auxiliary.py,implementation,1907,2026-09-15T17:56:14.702296+00:00,f18cd66485bae0052973a1a91cf17b9ea4768ec9818ad8f704fc9a248b49da4d
validate_hurricane_cps.py,implementation,3436,2026-09-15T18:18:58.005949+00:00,2d6deeae75f20ced3d8742e1b47b6dd0c3dd628160e40355faca15ad2a9c1f47
verify_algorithms.py,implementation,3002,2026-09-14T08:31:52.193603+00:00,fea419d78c598e8019a419aa6797acb573ce54ab706a724f33c3b850d4e93300
verify_cps_papers.py,implementation,2214,2026-09-14T20:00:45.374131+00:00,83b7db190702d3a4f2f05a8c7ec478e5b005485b0661ac43933232165b019a2c
verify_cps_quality.py,implementation,864,2026-09-15T05:36:46.861704+00:00,72b67e7f32d26c0621a06423ea2b2532ab09df9aecf686857049a29898eb85d3
verify_decimation.py,implementation,3033,2026-09-14T18:35:18.265402+00:00,75387e0a187cd1b73069b0a510ff8ba4c6a2984360d5bf34fc2161b7e3bfcad5
verify_small_pairs.py,implementation,2774,2026-09-14T12:24:29.242861+00:00,1ce7bf3a86bc53f1b72abb3f4f3ccf04b7c8b1643f0121d643483938c4847a6f
output\chain_breaks.csv,result_table,1618,2026-09-14T09:02:35.607208+00:00,6967407f87a539e271cf22257517cff1cca5c3885a20f01ab248d91fc2e29f41
output\cps_papers\audit.csv,result_table,4374,2026-09-15T05:04:59.306958+00:00,a093ede40f8ace18883fa62c2fadc9122141075d5ce16227943b336bd68e247b
output\cps_papers\auxiliary_counts.csv,result_table,5594,2026-09-15T06:09:47.988357+00:00,143ff72aada35e871c4a47ac679d7e932660294aa258788909c05d28a46e4853
output\cps_papers\boxplot_cohort.csv,result_table,3855,2026-09-15T06:09:50.095162+00:00,d7239a94c6bb4c58c82946f9e3f9e519699d5c075b6cd19a83ac61c884be414a
output\cps_papers\boxplot_values_w16.csv,result_table,109910,2026-09-15T06:09:48.182887+00:00,e8c7b4be50522204d312acfdc77bc5a4f8220d8333bdbe6a9fb8e49cbce80521
output\cps_papers\comparison.csv,result_table,110595,2026-09-15T06:09:47.972355+00:00,97d91ec320a11a68c95f7f7b2c7b2f9d0331089c2c1c3f93715a6deeadd20503
output\cps_papers\cps2f_vs_cps3f.csv,result_table,14915,2026-09-15T06:09:47.985357+00:00,7ab9080993edfe62d920f0e52dc4dbfbe39b0ba5d78cbd16528c7c4f4cfe9b4b
output\cps_papers\dual_bar_parameters.csv,result_table,3523,2026-09-15T06:52:38.762692+00:00,432dada4fdf22ec4929da7520b57d6ad91b0749b65df7c4de0616bc5abb19213
output\cps_papers\inputs.csv,result_table,3640,2026-09-15T05:04:59.295955+00:00,326093d674609ee29afe5ddef3a9865ccee18234919addfe76fbb8f62a6ddab5
output\cps_papers\pair_parameters.csv,result_table,5993,2026-09-15T10:52:23.661098+00:00,0363867e2656d256997c15ac6d629183d6b8c95da6b90de21a793f0e96376fc0
output\cps_papers\paper.csv,result_table,724,2026-09-15T05:04:59.310959+00:00,fa061a0a303dddaeaa6206f302a0cf5b3e42484081b5516370f989532e702cea
output\cps_papers\qualification.csv,result_table,2876,2026-09-15T05:04:59.320955+00:00,1c5dff1ac2fc2e4724af290cb3197cc7d275624ae9e6ece5bf1cd56e93f258bf
output\cps_papers\residues.csv,result_table,60480,2026-09-15T05:04:59.351975+00:00,850b7c976dd4bfe2fe7b1cd26b2f2b9b1b36a13154b398288cd511aff8ccb070
output\cps_papers\sampling_geometry.csv,result_table,1938,2026-09-15T06:09:48.149544+00:00,4bf2aea814a03af27c2c331ae645bf2aa8d4b3914cf023b2573d0df974a4a72c
output\cps_papers_w8\audit.csv,result_table,4374,2026-09-15T13:35:07.549846+00:00,a093ede40f8ace18883fa62c2fadc9122141075d5ce16227943b336bd68e247b
output\cps_papers_w8\auxiliary_counts.csv,result_table,3826,2026-09-15T13:35:35.987066+00:00,366ef63342e8966d3967aec7b1b0a36dd28ad7d80b4c0a6ce291532a0e68418b
output\cps_papers_w8\auxiliary_utilization.csv,result_table,3599,2026-09-15T14:37:18.164499+00:00,61f237a728578eee895769195f6a2f642293ee369e831eb9e923bf9ee83881ce
output\cps_papers_w8\boxplot_cohort.csv,result_table,2765,2026-09-15T13:36:12.460219+00:00,d1a3d92f07df97b50c183aafcecb220ed70a29f3f69d52c267157f8b442ce6a7
output\cps_papers_w8\boxplot_values_w8.csv,result_table,67935,2026-09-15T13:35:52.947490+00:00,e880a6ce589a0c4040f3b1abf80672b256e81aabf3213797d191b183f3611a4d
output\cps_papers_w8\comparison.csv,result_table,77264,2026-09-15T13:35:35.905909+00:00,bfdce3790314f86646b8d4db6b3c63122c5a68c56dfa40ba143feaa081084e6e
output\cps_papers_w8\cps2f_vs_cps3f.csv,result_table,10536,2026-09-15T13:35:35.970463+00:00,2d69b11a5afd64d42031fb0f8ec99e14076965382a4010a15ff4d681c96ee4a3
output\cps_papers_w8\dual_bar_parameters.csv,result_table,2356,2026-09-15T13:36:43.405467+00:00,78fe047b486b68161fe44fa3f35112b401c65a85f94ff501871fe7fdf2e239f5
output\cps_papers_w8\graph_sizes.csv,result_table,10416,2026-09-15T14:37:04.919219+00:00,4bcbfdf9fd25819eff407809aee434f7b36f2099fb7a386d2226a2f9e01b16ba
output\cps_papers_w8\inputs.csv,result_table,3612,2026-09-15T13:35:07.547846+00:00,04a6680c497bb44fcc7ce0aea4214c2830419ab6c26cbd2ce1de7d871dbfa626
output\cps_papers_w8\pair_parameters.csv,result_table,3167,2026-09-15T13:35:52.281796+00:00,695b5c825102343c4458a0cc9b39c86a41087c19489c2a0bad30b83202e310e0
output\cps_papers_w8\paper.csv,result_table,724,2026-09-15T13:35:07.551880+00:00,fa061a0a303dddaeaa6206f302a0cf5b3e42484081b5516370f989532e702cea
output\cps_papers_w8\qualification.csv,result_table,2876,2026-09-15T13:35:07.553978+00:00,1c5dff1ac2fc2e4724af290cb3197cc7d275624ae9e6ece5bf1cd56e93f258bf
output\cps_papers_w8\residues.csv,result_table,114639,2026-09-15T13:35:07.578876+00:00,45b2f0d5fc0f7f32a3d3761c9b05a303a4afa059b42000336edc59edb70b268c
output\cps_papers_w8\sampling_geometry.csv,result_table,1960,2026-09-15T13:35:52.819422+00:00,e41baf44407a2dce14be60562bf96a52fa66a67ba7e527c7e7ce3cf6cdcd5453
output\decimation\aggregates_headline.csv,result_table,579,2026-09-14T19:08:25.648756+00:00,3bb107136c142e624e2d61410268a8a040e871b222b338313cdb0f0f05e650bb
output\decimation\aggregates_runtime_with_control.csv,result_table,556,2026-09-14T19:08:25.674455+00:00,ef8f66d1476f5e60a7bcfef2225f68495d0ff7db3cdd6f2338377c9c32f42672
output\decimation\chain_breaks.csv,result_table,1618,2026-09-14T18:59:58.203654+00:00,6967407f87a539e271cf22257517cff1cca5c3885a20f01ab248d91fc2e29f41
output\decimation\coupling_summary_with_control.csv,result_table,1030,2026-09-14T19:08:28.125066+00:00,d7d2be39e8e784a19208d3d62b764f3e8101cebae9beb96d45e67a98a708edd5
output\decimation\identifier_audit.csv,result_table,4374,2026-09-14T18:59:58.199617+00:00,a093ede40f8ace18883fa62c2fadc9122141075d5ce16227943b336bd68e247b
output\decimation\input_qualification.csv,result_table,2876,2026-09-14T19:00:20.549514+00:00,1c5dff1ac2fc2e4724af290cb3197cc7d275624ae9e6ece5bf1cd56e93f258bf
output\decimation\inputs\1o7j.a__1d9q.d\A.residues.csv,result_table,15825,2026-09-14T19:00:01.730983+00:00,81751f7f34628077ef2c1d18eb7ca0725b8256566a36b609a0d79fa1eb985d90
output\decimation\inputs\1o7j.a__1d9q.d\B.residues.csv,result_table,16010,2026-09-14T19:00:01.740731+00:00,df284b99a657a6736e90d6032db2661b90ebe98008dc4480437f03899f028f07
output\decimation\inputs\1o7j.a__1hfj.c\A.residues.csv,result_table,25601,2026-09-14T18:59:59.078062+00:00,1c4c2b939c3bc583fadf9a50241924a0dbf3f8164ddbc8484f6087d4518e4812
output\decimation\inputs\1o7j.a__1hfj.c\B.residues.csv,result_table,25692,2026-09-14T18:59:59.093940+00:00,2b2dd9992ec34d8c4732a52a3bcd4f0a57c94c13b949461367c47fdafeb9b473
output\decimation\inputs\1o7j.a__1qd1.b\A.residues.csv,result_table,25601,2026-09-14T18:59:59.790069+00:00,1c4c2b939c3bc583fadf9a50241924a0dbf3f8164ddbc8484f6087d4518e4812
output\decimation\inputs\1o7j.a__1qd1.b\B.residues.csv,result_table,26173,2026-09-14T18:59:59.805954+00:00,025b0789829397e852c58d4aeb75e4c3910262d2804209f0404862add0aee148
output\decimation\inputs\1o7j.a__1toh.a\A.residues.csv,result_table,24537,2026-09-14T19:00:00.440784+00:00,a498519fdee158789bf25d685ac906e9ed111c617d5bf36d48d0aa98c41ea31e
output\decimation\inputs\1o7j.a__1toh.a\B.residues.csv,result_table,24674,2026-09-14T19:00:00.452396+00:00,6f65fd4c88effd7520eaf4755ea36af34d43955638e6338bc33401c6850ba490
output\decimation\inputs\1o7j.a__1wls.a\A.residues.csv,result_table,25601,2026-09-14T19:00:03.972483+00:00,1c4c2b939c3bc583fadf9a50241924a0dbf3f8164ddbc8484f6087d4518e4812
output\decimation\inputs\1o7j.a__1wls.a\B.residues.csv,result_table,25082,2026-09-14T19:00:03.980920+00:00,09957f1d05ff6e7cb5e6dd275edd695ce490f4210edf69ec198308656274fa7d
output\decimation\inputs\1o7j.a__1zq1.a\A.residues.csv,result_table,25601,2026-09-14T19:00:17.449719+00:00,1c4c2b939c3bc583fadf9a50241924a0dbf3f8164ddbc8484f6087d4518e4812
output\decimation\inputs\1o7j.a__1zq1.a\B.residues.csv,result_table,25285,2026-09-14T19:00:17.485047+00:00,a476126a8712425014f51722704bedbce6a9dbe7101cb6ed684a93c62e9e6279
output\decimation\inputs\1o7j.a__2eq5.a\A.residues.csv,result_table,16794,2026-09-14T19:00:07.471096+00:00,a9a509985cddc9e2bc5a2d1a976f788530908b57bc1dec9007ef5adbe3a713b9
output\decimation\inputs\1o7j.a__2eq5.a\B.residues.csv,result_table,16271,2026-09-14T19:00:07.480911+00:00,d109b843b6b213b3ed21d48bf42e84098e59918dc6c5d1dabcb607848274ce10
output\decimation\inputs\1o7j.a__2fep.a\A.residues.csv,result_table,21444,2026-09-14T19:00:20.509674+00:00,ede2ff358a876eac0f6f8605e8e85bb8e7db3aee0091c0b71df25ed9352300df
output\decimation\inputs\1o7j.a__2fep.a\B.residues.csv,result_table,20780,2026-09-14T19:00:20.523783+00:00,7136e9af3b17f768655c848196b044b90cd8a9a969abbfe33860cb6a5aa6ab8c
output\decimation\inputs\1o7j.a__2zsk.a\A.residues.csv,result_table,17679,2026-09-14T19:00:07.997913+00:00,2ed5e2352a7d3c2bf71035a302f2b17c16a867556b8194da94a833603cd270dc
output\decimation\inputs\1o7j.a__2zsk.a\B.residues.csv,result_table,16922,2026-09-14T19:00:08.009757+00:00,4d243943f5aa3c5138b549a360023b44a6342d6c7ab45f39b646a68f601ef0d8
output\decimation\inputs\1o7j.a__3jq0.a\A.residues.csv,result_table,15906,2026-09-14T19:00:19.007238+00:00,74d0c9482225154d4edc8ac05bbb9cdd06fcde351c57ddb1e043b9f732bef6cc
output\decimation\inputs\1o7j.a__3jq0.a\B.residues.csv,result_table,15256,2026-09-14T19:00:19.023257+00:00,09d70f76e046a859a15882022cad5e04679763f8ee1cfa786c55e783a0a9473d
output\decimation\inputs\1o7j.a__3ntx.a\A.residues.csv,result_table,21925,2026-09-14T19:00:03.389811+00:00,7f951ed86c6a0d3258128a0598cc066cd6f9414036f9b371940b9edcec5ab6ef
output\decimation\inputs\1o7j.a__3ntx.a\B.residues.csv,result_table,21339,2026-09-14T19:00:03.401636+00:00,8ae45d2f17b920016bba28d6299cf3f38431beac63138689987ff3f58db1aff1
output\decimation\inputs\1o7j.a__4eca.b\A.residues.csv,result_table,24836,2026-09-14T19:00:02.379031+00:00,a2d55f5e048f60282709b117f52edaded9562134ac3c363b4be977fccb5513cf
output\decimation\inputs\1o7j.a__4eca.b\B.residues.csv,result_table,24859,2026-09-14T19:00:02.396071+00:00,30afab2fe760eed7f14fcc59e7fe67380b996afb69a653a0b480ee6307c8606c
output\decimation\inputs\1o7j.a__4eca.c\A.residues.csv,result_table,24836,2026-09-14T19:00:01.060111+00:00,a2d55f5e048f60282709b117f52edaded9562134ac3c363b4be977fccb5513cf
output\decimation\inputs\1o7j.a__4eca.c\B.residues.csv,result_table,24844,2026-09-14T19:00:01.071991+00:00,77cc5e03c2ac1bddcb84791d3e3d0b99ae1d7734d782dd1d6ba7134a342e83ef
output\decimation\inputs\1o7j.a__4eca.d\A.residues.csv,result_table,24836,2026-09-14T19:00:02.853246+00:00,a2d55f5e048f60282709b117f52edaded9562134ac3c363b4be977fccb5513cf
output\decimation\inputs\1o7j.a__4eca.d\B.residues.csv,result_table,24979,2026-09-14T19:00:02.869070+00:00,4683246ce10a96a57e92c9114d3a1a6dd496233648045a3d85d3e72dd6aeb6a7
output\decimation\missing_residues.csv,result_table,7056,2026-09-14T18:59:58.209450+00:00,a4927b52789d0c597dbbdd8d13cfc8877cf8941fad61069d1f3a38e34d43156d
output\decimation\pipeline.csv,result_table,153278,2026-09-14T19:08:24.336782+00:00,cf57a8368177709a3b82e77e3d78c557a4f46145496d84bc42541b063c1dec5e
output\decimation\qualification_excluded_residues.csv,result_table,167087,2026-09-14T19:00:20.629630+00:00,527c70aa727ad75b54d744f1d743fcf664d31479efdf66f36750d0e06eeb195e
output\decimation\sampling_summary_with_control.csv,result_table,611,2026-09-14T19:08:28.053831+00:00,2856c5ead5362fbbf175e695c8a9f1f37e451540557f82441019e558daf7ccd4
output\decimation\stage_residue_mapping.csv,result_table,20560387,2026-09-14T19:08:22.258950+00:00,365e973ebb38f3bde411f926ca74e6d9bc87f27d84cf33566f4a273fa8f75049
output\hurricane_auxiliary\auxiliary_construction_summary.csv,result_table,3509,2026-09-15T17:12:53.178391+00:00,b1639425c13c5acf7f997181135534d0b985d2a7b651927e23b097ded6527abf
output\hurricane_auxiliary\auxiliary_intersection_events.csv,result_table,479595,2026-09-15T17:12:53.245262+00:00,46d859270c2f0c9533fba35691f6458e9bc02742a78fcf9596fb75a6e4faa85c
output\hurricane_auxiliary\auxiliary_utilization.csv,result_table,2154,2026-09-15T16:36:48.031112+00:00,e5e7b17ea28c71dcd592683640356f889d8cde0bbc1c0ce0ffff7eca8732423a
output\hurricane_auxiliary\boxplot_cohort.csv,result_table,1176,2026-09-15T16:35:46.604367+00:00,9428879d64b87537cc5f44febaad20eda57aa8271f0cb03b071c06fb9ca9fc79
output\hurricane_auxiliary\comparison.csv,result_table,15428,2026-09-15T16:35:09.107247+00:00,5ae6ba1aba4cdc1c36869d14dd41926cb065c29aef222664979182cb9605eb34
output\hurricane_auxiliary\distance_audit.csv,result_table,898,2026-09-15T16:35:09.114341+00:00,36ebff000fe6c8a466db9e8b123cd7c0e2266bcfe9696d2a90319cc370e04fc8
output\hurricane_auxiliary\extended_curve_points.csv,result_table,291699,2026-09-15T17:12:53.204621+00:00,bf165fc5287062693cb901bd5b100ffc3a4dfddabce456d603354324edb11393
output\hurricane_auxiliary\graph_sizes.csv,result_table,6028,2026-09-15T16:35:49.367176+00:00,c95c9c918cef4f6a1bb39828bc47e5b190ce71ab99370013ef10315dd6493a28
output\hurricane_auxiliary\matched_vertex_comparison.csv,result_table,592,2026-09-15T16:35:09.249813+00:00,393bb7d60ab004fcbc67702c8f099dd65e1f774b42da35ac49197486ddf47f4b
output\hurricane_auxiliary\parameters.csv,result_table,1350,2026-09-15T16:32:41.038203+00:00,8ab2e569e20a781fa41784aba07af41493afeb89abf3a32290cf45337d54d71d
output\hurricane_auxiliary\selected_pairs.csv,result_table,1336,2026-09-15T16:32:39.744792+00:00,7f088eefae37ec42103ffbee5b6d6d177ba78812511054eb8bb045d187f6dbf9
output\hurricane_auxiliary\worked_intersection.csv,result_table,326,2026-09-15T17:12:53.291574+00:00,80bec1941187620fdaf160acfcfc284d6b8aac926cd928ecd02a8bf5a6b58415
output\hurricane_auxiliary_expanded\auxiliary_construction_summary.csv,result_table,13537,2026-09-15T18:30:49.448814+00:00,3a429d8fed0cbb1c5c800a503cfe9d06591de5b7a2c1b4367279d854e20db5c8
output\hurricane_auxiliary_expanded\auxiliary_intersection_events.csv,result_table,1794133,2026-09-15T18:30:53.164669+00:00,82bfe200703a2247b13cb3a869e9c7dac6000a63f19e67ab8b1c75d11d8f5403
output\hurricane_auxiliary_expanded\auxiliary_utilization.csv,result_table,8153,2026-09-15T18:18:11.524371+00:00,4b8eb929633307f7caa36a8ed20b3cca4c9afc0a1c0b87d16082da5434d16e88
output\hurricane_auxiliary_expanded\boxplot_cohort.csv,result_table,5143,2026-09-15T18:16:03.744244+00:00,2fd3b6ea2e1b89d2435b63cdbd4e4679c4cd7c360cdc65a4219ddffd1b4eafdd
output\hurricane_auxiliary_expanded\comparison.csv,result_table,65389,2026-09-15T18:13:20.973361+00:00,168ee73a90f341971fce4c7c02d8970bf81a923afa659a37cd1ec42cdab4b66d
output\hurricane_auxiliary_expanded\distance_audit.csv,result_table,3143,2026-09-15T18:13:20.982433+00:00,d53df75c3d71f013fef40c2725dc38f9821879e3382600e515f327f95385b988
output\hurricane_auxiliary_expanded\extended_curve_points.csv,result_table,1106643,2026-09-15T18:30:49.866520+00:00,43a22c93ecc7a31141ae6d3290d2233d1577918406c2f33bb1330fa85bb65083
output\hurricane_auxiliary_expanded\graph_sizes.csv,result_table,23527,2026-09-15T18:16:21.718344+00:00,4ecc5716e093120919f82a2420080d680b7740c69336be007d96b87e1995e0b1
output\hurricane_auxiliary_expanded\matched_vertex_comparison.csv,result_table,2497,2026-09-15T18:13:21.144423+00:00,c551d67abd0f110706758b4291943f500aa11a252e4a8653a62ca81eb1e93f55
output\hurricane_auxiliary_expanded\parameters.csv,result_table,5270,2026-09-15T17:53:59.154665+00:00,c91a6c179ca7788ac74afcf5fd0e32bf90528cec783da5b9c5726426f4633e22
output\hurricane_auxiliary_expanded\retried_cases.csv,result_table,312,2026-09-15T18:53:31.855161+00:00,67b5eb138cddd1c69e100911cd66b6674f50ab0d9ccc82e8d7639ab34346eb9d
output\hurricane_auxiliary_expanded\selected_pairs.csv,result_table,4654,2026-09-15T17:53:58.632562+00:00,e069cf98739ad828cbd27be8b279572bdb257a8c1c1e682d5c5c767f6aea08b8
output\hurricane_auxiliary_expanded\worked_intersection.csv,result_table,326,2026-09-15T18:30:53.511782+00:00,80bec1941187620fdaf160acfcfc284d6b8aac926cd928ecd02a8bf5a6b58415
output\hurricane_cps\auxiliary_utilization.csv,result_table,2154,2026-09-15T16:36:48.031112+00:00,e5e7b17ea28c71dcd592683640356f889d8cde0bbc1c0ce0ffff7eca8732423a
output\hurricane_cps\boxplot_cohort.csv,result_table,1176,2026-09-15T16:35:46.604367+00:00,9428879d64b87537cc5f44febaad20eda57aa8271f0cb03b071c06fb9ca9fc79
output\hurricane_cps\comparison.csv,result_table,15428,2026-09-15T16:35:09.107247+00:00,5ae6ba1aba4cdc1c36869d14dd41926cb065c29aef222664979182cb9605eb34
output\hurricane_cps\distance_audit.csv,result_table,898,2026-09-15T16:35:09.114341+00:00,36ebff000fe6c8a466db9e8b123cd7c0e2266bcfe9696d2a90319cc370e04fc8
output\hurricane_cps\graph_sizes.csv,result_table,6028,2026-09-15T16:35:49.367176+00:00,c95c9c918cef4f6a1bb39828bc47e5b190ce71ab99370013ef10315dd6493a28
output\hurricane_cps\matched_vertex_comparison.csv,result_table,592,2026-09-15T16:35:09.249813+00:00,393bb7d60ab004fcbc67702c8f099dd65e1f774b42da35ac49197486ddf47f4b
output\hurricane_cps\parameters.csv,result_table,1350,2026-09-15T16:32:41.038203+00:00,8ab2e569e20a781fa41784aba07af41493afeb89abf3a32290cf45337d54d71d
output\hurricane_cps\selected_pairs.csv,result_table,1336,2026-09-15T16:32:39.744792+00:00,7f088eefae37ec42103ffbee5b6d6d177ba78812511054eb8bb045d187f6dbf9
output\hurricane_cps_expanded\auxiliary_utilization.csv,result_table,8153,2026-09-15T18:18:11.524371+00:00,4b8eb929633307f7caa36a8ed20b3cca4c9afc0a1c0b87d16082da5434d16e88
output\hurricane_cps_expanded\boxplot_cohort.csv,result_table,5143,2026-09-15T18:16:03.744244+00:00,2fd3b6ea2e1b89d2435b63cdbd4e4679c4cd7c360cdc65a4219ddffd1b4eafdd
output\hurricane_cps_expanded\comparison.csv,result_table,65389,2026-09-15T18:13:20.973361+00:00,168ee73a90f341971fce4c7c02d8970bf81a923afa659a37cd1ec42cdab4b66d
output\hurricane_cps_expanded\distance_audit.csv,result_table,3143,2026-09-15T18:13:20.982433+00:00,d53df75c3d71f013fef40c2725dc38f9821879e3382600e515f327f95385b988
output\hurricane_cps_expanded\graph_sizes.csv,result_table,23527,2026-09-15T18:16:21.718344+00:00,4ecc5716e093120919f82a2420080d680b7740c69336be007d96b87e1995e0b1
output\hurricane_cps_expanded\matched_vertex_comparison.csv,result_table,2497,2026-09-15T18:13:21.144423+00:00,c551d67abd0f110706758b4291943f500aa11a252e4a8653a62ca81eb1e93f55
output\hurricane_cps_expanded\parameters.csv,result_table,5270,2026-09-15T17:53:59.154665+00:00,c91a6c179ca7788ac74afcf5fd0e32bf90528cec783da5b9c5726426f4633e22
output\hurricane_cps_expanded\retried_cases.csv,result_table,312,2026-09-15T18:53:31.855161+00:00,67b5eb138cddd1c69e100911cd66b6674f50ab0d9ccc82e8d7639ab34346eb9d
output\hurricane_cps_expanded\selected_pairs.csv,result_table,4654,2026-09-15T17:53:58.632562+00:00,e069cf98739ad828cbd27be8b279572bdb257a8c1c1e682d5c5c767f6aea08b8
output\identifier_audit.csv,result_table,4374,2026-09-14T09:02:35.607208+00:00,a093ede40f8ace18883fa62c2fadc9122141075d5ce16227943b336bd68e247b
output\independent\chain_totals.csv,result_table,889,2026-09-14T09:03:35.034464+00:00,8ebbf288a9ca6cda987ad0d817cba29d688ba5c8e1644f4638cb13930a35dd58
output\independent\results.csv,result_table,8789,2026-09-14T08:47:09.379637+00:00,63dce45bd8a3cfeb1e39eff8ddb32966b4763a7a990991c6dd45b39ad4578424
output\independent\retained_residue_mapping.csv,result_table,419808,2026-09-14T09:03:31.820157+00:00,f6dc8d1cf7f1c036683d5a3b13229c3e3ad75414ce930074f72b22b5904726fe
output\missing_residues.csv,result_table,7056,2026-09-14T09:02:35.607208+00:00,a4927b52789d0c597dbbdd8d13cfc8877cf8941fad61069d1f3a38e34d43156d
output\pair_frame_diagnostics.csv,result_table,263,2026-09-14T09:03:36.845105+00:00,3175504bde85a85bb7bfba0c69da0c9ae40d183e309f75dd0494ecbf8ffb3837
output\paper_experiments.csv,result_table,724,2026-09-14T09:02:35.607208+00:00,fa061a0a303dddaeaa6206f302a0cf5b3e42484081b5516370f989532e702cea
output\small_pairs\aggregates_feasible_only.csv,result_table,264,2026-09-14T12:50:13.221388+00:00,f6a1d86c7fd01fc4f53e2a283458b069dbcf32602e1788a84369dab194a8a18c
output\small_pairs\alignment_audit.csv,result_table,1035,2026-09-14T15:51:04.587857+00:00,9b44fb2c4ef9bc2d25536841b873fb40eb075994f45cb6c7b86f618e88042654
output\small_pairs\alignments\1o7j.a__1d9q.d\A.residues.csv,result_table,2426,2026-09-14T12:48:55.256473+00:00,d97cbf28f86cdfbd31380d6918c97ef0974305fcda0cdfc8b69aa9a0baf68430
output\small_pairs\alignments\1o7j.a__1d9q.d\B.residues.csv,result_table,2596,2026-09-14T12:48:55.258472+00:00,d58187ddb6ef5c1743d493a892a0a92f67a84b341a73c4686a8f9d0bd758e3cb
output\small_pairs\alignments\1o7j.a__1hfj.c\A.residues.csv,result_table,2563,2026-09-14T12:48:54.327698+00:00,4ec5e51fbb951c3c070b97f4f44fb90c21742aa5d82b82b6bf57ca0fd844aeb4
output\small_pairs\alignments\1o7j.a__1hfj.c\B.residues.csv,result_table,2565,2026-09-14T12:48:54.329695+00:00,b468343b3729a7bd3f1fc933711da37d4ea011d1c470cde9c90c88124fca4a0b
output\small_pairs\alignments\1o7j.a__1qd1.b\A.residues.csv,result_table,2581,2026-09-14T12:48:54.645393+00:00,750956bc6fc81619e5818662f1b169739ce4913d83ff2daff4468b9b4973ef12
output\small_pairs\alignments\1o7j.a__1qd1.b\B.residues.csv,result_table,2613,2026-09-14T12:48:54.647390+00:00,dd19b7724175b62f0e8a1ddb5bce5020c93aa45c61735b3c797bf55ad6672ba7
output\small_pairs\alignments\1o7j.a__1toh.a\A.residues.csv,result_table,2585,2026-09-14T12:48:54.956291+00:00,f5fb8bd5ffd4ae4febb6219065090ebbb3930a03c47ad84584f29f727de95095
output\small_pairs\alignments\1o7j.a__1toh.a\B.residues.csv,result_table,2585,2026-09-14T12:48:54.958291+00:00,104d8c654d9b6fe92bed24422c10e06b67c01dc3b75dfd8a226796577e9f16a6
output\small_pairs\alignments\1o7j.a__1wls.a\A.residues.csv,result_table,2559,2026-09-14T12:48:55.980134+00:00,73619434fc18343f8a9586bdb10b31b225f216eb96ad2224c473e33bc610977e
output\small_pairs\alignments\1o7j.a__1wls.a\B.residues.csv,result_table,2521,2026-09-14T12:48:55.983135+00:00,a58e2f95dd8ea72a1a9f78ba0107482989df76bfe47716aefb5a6ff31b6f338c
output\small_pairs\alignments\1o7j.a__1zq1.a\A.residues.csv,result_table,2560,2026-09-14T12:48:56.502567+00:00,381e312623d94d42aad3a53eb21750fe05292e179839d3fb0313d89accac7045
output\small_pairs\alignments\1o7j.a__1zq1.a\B.residues.csv,result_table,2509,2026-09-14T12:48:56.505568+00:00,89741fd556c427b7414cc73a0cab8bb55f0a9eedeeed056950239ca3c6d39770
output\small_pairs\alignments\1o7j.a__2eq5.a\A.residues.csv,result_table,2430,2026-09-14T12:48:56.101510+00:00,d1cd38c2f8c74add1618d27ab91f29170b0c219358e3e2108f4bf6fbf5ad8589
output\small_pairs\alignments\1o7j.a__2eq5.a\B.residues.csv,result_table,2354,2026-09-14T12:48:56.104489+00:00,a774a4f7f73c9c9b9e88fa6063e65dcc89537fd8c9115974bacaf401ac108d46
output\small_pairs\alignments\1o7j.a__2fep.a\A.residues.csv,result_table,2458,2026-09-14T12:48:56.875921+00:00,8d18affaa02988bdc8064e8111d2ade2f67fcabba5c485e17924ff0b911d00f5
output\small_pairs\alignments\1o7j.a__2fep.a\B.residues.csv,result_table,2404,2026-09-14T12:48:56.877921+00:00,d1ae0426c916a00df659decfb6c70deb96eedb51a97044d1ff8f02874e9dc589
output\small_pairs\alignments\1o7j.a__2zsk.a\A.residues.csv,result_table,2428,2026-09-14T12:48:56.254705+00:00,9c25b884723ac5765fb880300e73dfcd582055d6f6860721fbd060da080fbbf1
output\small_pairs\alignments\1o7j.a__2zsk.a\B.residues.csv,result_table,2328,2026-09-14T12:48:56.257490+00:00,97148f5acaf49a4524b79c3f572e357503579a6f600e7bc69d6a772619bb4d14
output\small_pairs\alignments\1o7j.a__3jq0.a\A.residues.csv,result_table,2585,2026-09-14T12:48:56.714409+00:00,f5fb8bd5ffd4ae4febb6219065090ebbb3930a03c47ad84584f29f727de95095
output\small_pairs\alignments\1o7j.a__3jq0.a\B.residues.csv,result_table,2494,2026-09-14T12:48:56.716408+00:00,bc52ef23388a83a7d4eb55cf43aad36d3a8a61b2c8dcf885fa8f095fc9ec0c18
output\small_pairs\alignments\1o7j.a__3ntx.a\A.residues.csv,result_table,2581,2026-09-14T12:48:55.776093+00:00,5a435348dfded9a7e32cb93dc802f8891594a2085c083a2187ebc5647ea6ea53
output\small_pairs\alignments\1o7j.a__3ntx.a\B.residues.csv,result_table,2510,2026-09-14T12:48:55.779093+00:00,ce7fec3572f8c7119b1442bc17168ae6b2c561616112f12216b583270a7426f8
output\small_pairs\alignments\1o7j.a__4eca.b\A.residues.csv,result_table,2561,2026-09-14T12:48:55.429519+00:00,a43d2d9bdd4f497b296c90c5f54980d322829a57b320799ae7e609c0b21444df
output\small_pairs\alignments\1o7j.a__4eca.b\B.residues.csv,result_table,2582,2026-09-14T12:48:55.432518+00:00,b6da73b3ba5bcca8ca8f48e283186d081a65263ce12404c30e2b558aa00e156b
output\small_pairs\alignments\1o7j.a__4eca.c\A.residues.csv,result_table,2561,2026-09-14T12:48:55.129423+00:00,a43d2d9bdd4f497b296c90c5f54980d322829a57b320799ae7e609c0b21444df
output\small_pairs\alignments\1o7j.a__4eca.c\B.residues.csv,result_table,2578,2026-09-14T12:48:55.131423+00:00,02199a85ba7656a78f7da7d2ab3bef7614afa6fd949b9f903777328f0857dd9b
output\small_pairs\alignments\1o7j.a__4eca.d\A.residues.csv,result_table,2561,2026-09-14T12:48:55.614573+00:00,a43d2d9bdd4f497b296c90c5f54980d322829a57b320799ae7e609c0b21444df
output\small_pairs\alignments\1o7j.a__4eca.d\B.residues.csv,result_table,2582,2026-09-14T12:48:55.618567+00:00,01007c0824bf377a4d3dbf9dc5efa34ed832cfc0ec0dd7810688ecd1660a2fac
output\small_pairs\pipeline.csv,result_table,21513,2026-09-14T12:50:13.092009+00:00,ffb87f3986918eeb6e577ce4a13e1f4509c42fffd0a365cf5dee9c49bce773a5
output\small_pairs\selected_residues.csv,result_table,214138,2026-09-14T12:50:13.194388+00:00,3d753a9c9eb2334bb7ec238d1f0f9f7482240029e88098a541487c24055c2500
output\cps_papers\manifest.json,manifest,1793,2026-09-15T10:26:19.144705+00:00,a6dfbe64303ab223ee472e5807b3e63ceb47bdf4a389e709f42b113d7c0b53f0
output\cps_papers_w8\manifest.json,manifest,1684,2026-09-15T13:39:13.392706+00:00,24b0a945c94b66655fbfd023164c81317910feac7f7923649c42a45e2cca133f
output\hurricane_auxiliary\manifest.json,manifest,139857,2026-09-15T16:50:08.262928+00:00,65af313b5c4026ed5e8612f7fc418fd15392157714966dc9221e2832505be910
output\hurricane_auxiliary_expanded\manifest.json,manifest,139864,2026-09-15T18:29:39.675122+00:00,af14d29dce5184cfdc8af9a29f1141a844b6e17bcc20ef3dc03d8f00608aaffb
output\hurricane_cps\manifest.json,manifest,139857,2026-09-15T16:50:08.262928+00:00,65af313b5c4026ed5e8612f7fc418fd15392157714966dc9221e2832505be910
output\hurricane_cps_expanded\manifest.json,manifest,139864,2026-09-15T18:52:16.106400+00:00,af14d29dce5184cfdc8af9a29f1141a844b6e17bcc20ef3dc03d8f00608aaffb
output\independent\manifest.json,manifest,244,2026-09-14T09:02:04.588102+00:00,1beadc6b774cd62c08f6c5a53628a7b1edbc238fc172ac261465e3e3a4b4099d
