path,sha256
notebooks_paper\graph_only_v2\00_repair_and_diagnostics.ipynb,284b89356c0121f02d9455dd2a3cd0db6ee5bc90cd5cf519c65325cf385c33fb
notebooks_paper\graph_only_v2\build_notebook.py,3067f514780b619a4337b52e6fc53dbe4004e2328c7f81a5c54630b552537264
notebooks_paper\graph_only_v2\common.py,e453c334f4b62aabed1cf136260707c2972a6cfd877034c53112167da4bf1532
notebooks_paper\graph_only_v2\prepare.py,0cceef61420b6212cfff013fd1ebb6a36e8078fa1975bd0f2ff38c4147cb5538
notebooks_paper\graph_only_v2\README.md,0746c529e66238fe29b3256c00b0d50ec737fb345b25c36a27bad6791831462e
notebooks_paper\graph_only_v2\references.py,eb534dd80ea27121217808dae65bdf2e34d1f84bedcda76763aba57837dc1424
notebooks_paper\graph_only_v2\regressions.py,af79dc78d26fba083477e5a49f616c13062308e0fd76f59cd00d1a6060a2daff
notebooks_paper\graph_only_v2\render_and_audit.py,e059c865ae14b066200ba459858030c6263d03e22dc617424b7ef843aa094c10
notebooks_paper\graph_only_v2\report.py,53cef1d16afc2efde32df5c3f8685d4daacc50723fe6203310c10420d96cc8dd
notebooks_paper\graph_only_v2\run_diagnostics.py,87fb6c273aa650bf2587bea2d4733ead6c0f7bd88eedc397dc78e8fc34f13fdd
notebooks_paper\graph_only_v2\supervisor.py,be0bbac210c34dcededf0a4ad9805d5f41dc243221325b278f9091ffa8d6cacd
notebooks_paper\graph_only_v2\worker.py,295216ac60eedddc30fe8885c9210417e5bd5879fafe1d0b6da48103c0a80019
