configuration_id,attempts,input_sha256,configuration_sha256,status,raw_sha256
hurricane:EP092002__EP171994:a0.5|Independent continuous,1,d9373018d366573f51130baa294c338f83ffeedf55f6b14210dc3ec268db151d,41bf95568ffd2024d7edd6a840f9f7c1300fbaf0573d187b13e96a9691ee3095,validated,4bcf25762f1110e9dff6e9bcb7cb609cf7ccb1bedd72eefcfede470aa1e91b91
hurricane:EP092002__EP171994:a0.5|Independent discrete,1,d9373018d366573f51130baa294c338f83ffeedf55f6b14210dc3ec268db151d,e013c9b4366f570ec71af445cb193a301b4602027231fe7d0e0a56fadc5394f2,validated,e53522742b41b972c7916d61431100d4598c46f2ba0c3ac2f7c0a905c8cc0309
hurricane:EP092002__EP171994:a0.5|CPS-2F,1,d9373018d366573f51130baa294c338f83ffeedf55f6b14210dc3ec268db151d,55fbe2524b91964af6e0818bdb82969234bb0d89a7471e6d9a9b5887fcaa8b3c,validated,83944c1dee39833a476df40138905bfd2a698933dbebecf26ce22de93ec1c9ca
hurricane:EP092002__EP171994:a0.5|CPS-3F,1,d9373018d366573f51130baa294c338f83ffeedf55f6b14210dc3ec268db151d,6aa2848d014dd6303a4360a685166e859282d65c06cf31b136119112025cf5d1,validated,04fcd566e9f51ab44e0ddd4b8b1550036ce5ff6acfdb38a00dfa60d58fe1de8c
hurricane:AL091944__AL031917:a0.5|Independent discrete,1,db58d5a0ccf7f77010e45e75cfb88aa32c39e3bba6f00c9a54ceb25a6f6a955d,3e12a5df8851275e60c03efd83094c8d4e03040cd3c26f3c6e2b61884e00d176,validated,eab41e804e71a1e5eb8668dc82aaf1ddc9bb0e4953519adcfd757d52b558c414
hurricane:AL091944__AL031917:a0.5|CPS-2F,1,db58d5a0ccf7f77010e45e75cfb88aa32c39e3bba6f00c9a54ceb25a6f6a955d,520a28df4a9c76552d8028ca7bd4100b9faea76467d94e6c1d5a788a3a606e09,validated,1103cc7dd2dbd056ba0dcbec792681490b03ca7b268cb600ea7760bd82b84d11
hurricane:AL091944__AL031917:a0.5|CPS-3F,1,db58d5a0ccf7f77010e45e75cfb88aa32c39e3bba6f00c9a54ceb25a6f6a955d,87b6111d03709c80a3532fcc05795d79f4f8900014c32907036fa1e28a091956,validated,57eea7d5938346690fee81bf67b8849271917337c151df0720e42057bd22abf7
hurricane:AL091944__AL031917:a0.5|Independent continuous,1,db58d5a0ccf7f77010e45e75cfb88aa32c39e3bba6f00c9a54ceb25a6f6a955d,42f1d11ecdf8e74c8410ecbd8fedfe39de37703ad74f8db81856d1d8d51d9585,validated,3fee3d68c641a6725ce391e7054c07fd57f487b56d020f149896dc81e927e320
hurricane:EP101985__EP151985:a0.5|CPS-2F,1,198a2064c5a3b34d6c35ed1796113bb59541fac26e1f7574831025b960c8a87f,ba5a7908817a4b258c3d55c928db3845a7e305f26bd0e0f2178ca474a5334bd4,validated,12616f203647119410e4efcec3991d2732a75c3736da9af524ab0d6b7460dd2b
hurricane:EP101985__EP151985:a0.5|CPS-3F,1,198a2064c5a3b34d6c35ed1796113bb59541fac26e1f7574831025b960c8a87f,f7b3ddf52e41f48043b7c4059586338213451b741cc3e92ed45845f96438a782,validated,3d4d9a99bc597070a05f1c3a9fff1621256973ebe521c8a6e628d8abbfbb3435
hurricane:EP101985__EP151985:a0.5|Independent continuous,1,198a2064c5a3b34d6c35ed1796113bb59541fac26e1f7574831025b960c8a87f,5af42674acbd544711df9ea2c5c022dcc40e3b0a61bbf8df68f9e9416e6d94a8,validated,87796080228911261a506c3f6cfe28f2fee75682c15a71d5d2acd1387d6592ac
hurricane:EP101985__EP151985:a0.5|Independent discrete,1,198a2064c5a3b34d6c35ed1796113bb59541fac26e1f7574831025b960c8a87f,02673365c625d40a56ade9fddf2870c4e1844bd6ad1823f3df36ffbb6317c7b1,validated,9bb87c79149eba2e0886fb5adcfc3df04ac41bafc7c112a701424c35729b7a38
hurricane:EP031965__EP141991:a0.5|CPS-3F,1,5f0259d773d05eb0b0d9aa87bec1a403edc2ebe426ac37986dc304fb3a2b70cf,0ee6ceb54cde0d3e496f1583bcaef9efbf1c043ddfee6fe5bee52604692cbe34,validated,2352659543547cdd5d98539d36463c5d0131d2895484a426dd3f5a38966c2958
hurricane:EP031965__EP141991:a0.5|Independent continuous,1,5f0259d773d05eb0b0d9aa87bec1a403edc2ebe426ac37986dc304fb3a2b70cf,499bafa42b645a8c264d8c373b389c184f2dc821f8103090731f2918ad0d2f0f,validated,f86abc6d502d3cb17b41d8dc5dab2c4b69fb78d9f8f86bdb295b852e19cb5b1e
hurricane:EP031965__EP141991:a0.5|Independent discrete,1,5f0259d773d05eb0b0d9aa87bec1a403edc2ebe426ac37986dc304fb3a2b70cf,f6201f7ab41d301f3e75bea5c40a9a303ebdfc03edbb50964b310339c5648c1a,validated,d27ae84f7a7c9362724291848db86dd95746ffa2d4a3765efd4143234e879f9c
hurricane:EP031965__EP141991:a0.5|CPS-2F,1,5f0259d773d05eb0b0d9aa87bec1a403edc2ebe426ac37986dc304fb3a2b70cf,b2bbbc5618e1fe971718fcab82395cabea72e5f32d6ff31c467c69750f17e75f,validated,4442c348b97d681b3a4aa4c6af7118d2132c1150b5dc2d96c24525d24484e1d0
hurricane:AL061921__AL101926:a0.5|Independent continuous,1,075b62ae7810f20aaee5716a08592d9c34d29821f5cad9ce1f78dbd209b3c638,92b93cb5329ed15a1245dc91a0b4d36fd4c3e8d1c157562fc202274ca3c8d95c,validated,28d4c1c31e1fcd116e4672bafcb71f2536dd9a9d2829ab8d7a177461d989ae09
hurricane:AL061921__AL101926:a0.5|Independent discrete,1,075b62ae7810f20aaee5716a08592d9c34d29821f5cad9ce1f78dbd209b3c638,d8364838c0b1d957a80b5e78fa5eb157745df926c9516b975148a5c97e572fa3,validated,36e2534e1390fb97619cf592b86ad6b3c0bf8e71e0b26d9cdf0b2b2af6896b38
hurricane:AL061921__AL101926:a0.5|CPS-2F,1,075b62ae7810f20aaee5716a08592d9c34d29821f5cad9ce1f78dbd209b3c638,bfc53c2a0a5bfb835ea8d3d3624935c3eecdff17b30552478dadfb0c75ecbbfc,resource exit / validation unavailable,
hurricane:AL061921__AL101926:a0.5|CPS-3F,1,075b62ae7810f20aaee5716a08592d9c34d29821f5cad9ce1f78dbd209b3c638,45c174b8f4d4207ec616a8b98c0a25af1cf04e01c8ca69e419fa1d6d00cbedd8,validated,1932e1d1b182e1b8545e55c7082dd962c6b6cae1c94fd3f1f0b609479badc446
hurricane:EP041976__EP041984:a0.5|Independent discrete,1,2b36cf5f84c94603b94c277ea7970c2e6cf82612160bc26c97cfa9ab20d6faf9,40b9be16f41ba966dba36c3f2f0d4da79373dbfb8d65c9f590586a0664842d8f,validated,dc84748c7919e8d7eed0599b2cf2c3b62b7c57c1a4fffc5cbb54b020145367ed
hurricane:EP041976__EP041984:a0.5|CPS-2F,1,2b36cf5f84c94603b94c277ea7970c2e6cf82612160bc26c97cfa9ab20d6faf9,f5eb060de6a6be720261683530ba1814a082cc97f0870d30fe0f76a214034cbc,validated,4489af41fa89fe9f8f0fae1de58481ed6663cd891e4671cc52574dde2be1a059
hurricane:EP041976__EP041984:a0.5|CPS-3F,1,2b36cf5f84c94603b94c277ea7970c2e6cf82612160bc26c97cfa9ab20d6faf9,44e17a8652ce81ebb8cd92a0478ba58ce7163af9d25581124140c8f2018d7f02,validated,465b6951ad4d10c610be3ed9b5caca1f66eade3887210b3607b549c8d9447aae
hurricane:EP041976__EP041984:a0.5|Independent continuous,1,2b36cf5f84c94603b94c277ea7970c2e6cf82612160bc26c97cfa9ab20d6faf9,47023a292a0ff5c2f19d2505ad86c3bc9334c588a77e087dcdacc0cbbf2fe359,validated,ee0538d750fe51616e853ee23fa13edc55e36e7fd4c47e768961b4b4f5cd5e19
hurricane:EP081967__EP101980:a0.5|CPS-2F,1,0946514b39933f9ee0d804e81a1a0d4ec1b8e11aaa85884cc2187bcb3030e97c,8ccc306bef3d181eb76c5d579ae7027c1af656926d45fba57ccba3d0fe9cc5e7,validated,9cb22e4ef5c8ed1eb531e8804aefca2c16578a31cde957903fe771a60e09daf5
hurricane:EP081967__EP101980:a0.5|CPS-3F,1,0946514b39933f9ee0d804e81a1a0d4ec1b8e11aaa85884cc2187bcb3030e97c,f0c460476b91a9a2922a0a6b7981c82526fe16f22fba79bcc5855590449f5b23,validated,26ffd2834c4a2ace1ce4e13b99b2e1a81c1d0eacaa8d3c6ce87f20283d12e300
hurricane:EP081967__EP101980:a0.5|Independent continuous,1,0946514b39933f9ee0d804e81a1a0d4ec1b8e11aaa85884cc2187bcb3030e97c,5a0a06ff477f00da7269003de6a7e8c2f0afca1970763eefb90c31588fec17ba,validated,e9cbdcbdb9c2b571e36ba2ced42177c52d3d47954e2d14a79236ae282baf49a0
hurricane:EP081967__EP101980:a0.5|Independent discrete,1,0946514b39933f9ee0d804e81a1a0d4ec1b8e11aaa85884cc2187bcb3030e97c,3ba0023a5b7f2cd1bfc201f70ac839d5c2fa683282fd0b11c1e0b701e75f0127,validated,5639a805434c502401cd42b59a9513f298a183f5472e6e51f74e185471ab0515
hurricane:EP031994__EP031978:a0.5|CPS-3F,1,1d28bc38a35762d764489667768030a48b0d3b023d8e11cf8dd1e994b766d591,65509a7136021a7be4f97634d3679a7850a14b1fee191e3ed74042e9114ba6cd,validated,7e846befe3982edab186e9251cf18f35f10d404de5ba7311a54abac55e60a6c3
hurricane:EP031994__EP031978:a0.5|Independent continuous,1,1d28bc38a35762d764489667768030a48b0d3b023d8e11cf8dd1e994b766d591,1f788409561dccf34e5cf9fbfe2ddc404f982d77ca7a425121b74678d72a5422,validated,7234cefb94523c3c7cc6e64fbde4d0cdbbf0c2591be99cfce9c9429d4025d6fd
hurricane:EP031994__EP031978:a0.5|Independent discrete,1,1d28bc38a35762d764489667768030a48b0d3b023d8e11cf8dd1e994b766d591,3ffa153a6983b642dd12a23aa6ea84823271738d312c5df6903b016412440d4f,validated,66d9e55f65fa0f5393f5699f1d4f668797412408df930125eeaedda0e3f68e86
hurricane:EP031994__EP031978:a0.5|CPS-2F,1,1d28bc38a35762d764489667768030a48b0d3b023d8e11cf8dd1e994b766d591,8b77b8b439d2592a1463e0c7d7b1669c4ae0e08d352c63f72f933c4f4dfd61d5,validated,22e8ce1359da2c2f378095188044a310c1c2e46ca5d67c7ec530c7624e064841
hurricane:EP021985__EP181984:a0.5|Independent continuous,1,55cb19cbe18e96961f064d76de7fb24a5594e61c951d573b5bcccb3346af57b6,34fe55c37ea3dde620bef9b67b0d0ed8f3aa610b303e2bb33add8d17db7c2a3b,validated,9bfb1ed444589ae337b087903af000a0d96c2fde0a2d4aa0347cd40a2aef315a
hurricane:EP021985__EP181984:a0.5|Independent discrete,1,55cb19cbe18e96961f064d76de7fb24a5594e61c951d573b5bcccb3346af57b6,18257a742a270e793482ded056bf4c799743bd04e4ea8a456b2bd08cefbe3e96,validated,cf948851ced2337c5268fa9e5b1f65c1b15239f0541192afc833ebe6727b4351
hurricane:EP021985__EP181984:a0.5|CPS-2F,1,55cb19cbe18e96961f064d76de7fb24a5594e61c951d573b5bcccb3346af57b6,59f4bed1ecf2a701b63f2a046229ca4460560896b279dd2729fe19025f02b790,validated,4eb3868cbef46c417b1d60e4485dd69e3730a7ee987337711a4c56a749bd9ce9
hurricane:EP021985__EP181984:a0.5|CPS-3F,1,55cb19cbe18e96961f064d76de7fb24a5594e61c951d573b5bcccb3346af57b6,b7f4f0925401510ca68f0434cebf811740300f6d75104c740027d7a9f2e3f8d5,validated,ad955476b312fb1a639628aa79e8f4e37713022413c9ad8279f13febae0f1893
hurricane:AL101886__AL051950:a0.5|Independent discrete,1,f25f94d3a701d9a25b14646dc7b39b615e35be775c28cac17d3aa907bd4c8de6,fd9d22040a0a5611422812c0debe4e71d90f1b98960d913577440844d0f215f1,validated,7e92d0da2f38352e4f17a1b04086b5702796f0d2f359c5c1c9059e8a332a3fed
hurricane:AL101886__AL051950:a0.5|CPS-2F,1,f25f94d3a701d9a25b14646dc7b39b615e35be775c28cac17d3aa907bd4c8de6,5186ec3d1d36c7c3a22d9ce44e21d2fcf7c194c426603e8372dcedc1637aeda6,validated,2589a0f0e836989aede3cebb47cd3f2f4bc0e12af630af0121f27e58e21b8327
hurricane:AL101886__AL051950:a0.5|CPS-3F,1,f25f94d3a701d9a25b14646dc7b39b615e35be775c28cac17d3aa907bd4c8de6,9eea934ddba1fc7b93105a824138d970318775c3989977554dd53f5254a15ab1,validated,e37e6fbd0983b7ed49ab133dbd9bc29a7d1f4dcb4b99a4f671c1fff9e9488851
hurricane:AL101886__AL051950:a0.5|Independent continuous,1,f25f94d3a701d9a25b14646dc7b39b615e35be775c28cac17d3aa907bd4c8de6,9e433f5edcea5a606d6873b4d6ef9eea5883c82cf9af497843de06fb34173e1d,validated,6267e2e73f8a675c2910dadec1025424263b5d66eef8449a7a19b5d3cff12674
hurricane:AL091947__AL011953:a0.5|CPS-2F,1,4031a8fd96ff75fa97fa22b47e517942f0d69918d5e7e816aeefb1b31df04589,57a26f521017ac138e049566e13cf013ab098c665667c436ab4c8449ef0a72a4,validated,20a7df3292c41c98f272c65f30ff3166762ed65960a5ce65af1b155acaeb3036
hurricane:AL091947__AL011953:a0.5|CPS-3F,1,4031a8fd96ff75fa97fa22b47e517942f0d69918d5e7e816aeefb1b31df04589,a923f60aea67c2a0d82013550c5f67cf83ff611c2db6721269a178e519df931c,validated,10cb85eef27b33eba1b1ec4dbcd331bb8aac467fbe9821a610f42f1420a2d403
hurricane:AL091947__AL011953:a0.5|Independent continuous,1,4031a8fd96ff75fa97fa22b47e517942f0d69918d5e7e816aeefb1b31df04589,231a9ba920c2d3ad88f4dc190bc3d44daad64605946a95f202cef1308cabc95c,validated,cf2befea6b727e5fc85e81a7505d0ea63cace6eadd8cdf6c07c1c904a14a8682
hurricane:AL091947__AL011953:a0.5|Independent discrete,1,4031a8fd96ff75fa97fa22b47e517942f0d69918d5e7e816aeefb1b31df04589,6236b3bec1de2643b4110a85946b9b67d7caaefc2b2dd0714f109af770c0522b,validated,eedde4ec3bf6e7c4154f34bef567c7efca6f95a63a735358d3d087e90af3efe3
hurricane:EP072011__EP092011:a0.5|CPS-3F,1,713b56e638ff3d937cd45d4d877fd079194042f824e2bf0397f43daf6fc357df,0b7daf71a955958c3f88e5429702b1ffbb447f7d00fdd809056b5dba7c13e0ed,validated,0ca334d9079d1c9c738354dc39af8615091e63e450c26641e1d1b8bf5b87d08c
hurricane:EP072011__EP092011:a0.5|Independent continuous,1,713b56e638ff3d937cd45d4d877fd079194042f824e2bf0397f43daf6fc357df,3146ac6463fb7ea6b80e5215dfb0eac26a5f224cbd53f90ec204b7abbd11be44,validated,99c2843fcd234c6eda8d6cdf45a9a6ff91d5e1c6f4df8e9e0bc667462f4084ad
hurricane:EP072011__EP092011:a0.5|Independent discrete,1,713b56e638ff3d937cd45d4d877fd079194042f824e2bf0397f43daf6fc357df,ac9c23524e79fb0aee3274f142ac5b129f61a5385144aa9e8ce08c40ad81de83,validated,dfb22e30f263f313b3277e574df7e7c5fcc016641dfc8ecfd29ba6e9db6a76ad
hurricane:EP072011__EP092011:a0.5|CPS-2F,1,713b56e638ff3d937cd45d4d877fd079194042f824e2bf0397f43daf6fc357df,24cd5ed630eaa7ad49eea18c8153531d28a387ccf4fc23aef26de1562d2f27dd,validated,a8e9a247b0b50b1f8307bf0a70cb574e1a0a6bc713851c408ea8e9322da9849d
hurricane:AL171980__AL112009:a0.5|Independent continuous,1,5de1fe8932de570845156bf23d5f0b282c1e5938a22df37324c8f517a6fe250f,944f4571da926f4cd7da5dd71702320368dfc824b365fee91218fa8edeee38d0,validated,906f2ef1b32866afcdfbb1d0b7612ecf8029eb437877eed6781e4e75504f01c9
hurricane:AL171980__AL112009:a0.5|Independent discrete,1,5de1fe8932de570845156bf23d5f0b282c1e5938a22df37324c8f517a6fe250f,e2304307a863d496933a09bc1cc09c3e08872bdffd5bbe4459408707218ba55a,validated,bdcea81e1b98f678c66a969df887684662f267ba0ce80a2e627af76be9ef0ab4
hurricane:AL171980__AL112009:a0.5|CPS-2F,1,5de1fe8932de570845156bf23d5f0b282c1e5938a22df37324c8f517a6fe250f,c94766119194c8140ec6a4036c8cde128cc0fb717ce23a3ec3754221a39415f8,validated,5a2109b61c8a85b11c40c217f012a5f341bb3a600b660c5b64f6c94281e758c3
hurricane:AL171980__AL112009:a0.5|CPS-3F,1,5de1fe8932de570845156bf23d5f0b282c1e5938a22df37324c8f517a6fe250f,69f636f1330c5e65ef6ad2980cb0cc7bd621ab89e8c016ac6a2b9f1c5c03d752,validated,fc04c819ed92b61865727762ebd2eae52591645a9b1068e0ca2728cd1a9c5b4f
hurricane:AL102008__AL061989:a0.5|Independent discrete,1,03522b5f4b1b9d80013b557a1f4bb0e1c36cd495e0a8eba67de65ca6b2db84e8,03a9007e3b6260f396626bc7363af72fdb7f34dc7ec356a010d8cd186c6cd2e4,validated,5d0cbaba5b4469900b1ab29bf16bb752858580862ea5085fa3bd6238c78be341
hurricane:AL102008__AL061989:a0.5|CPS-2F,1,03522b5f4b1b9d80013b557a1f4bb0e1c36cd495e0a8eba67de65ca6b2db84e8,0ac657907e2e392012be3be730e076dcc1d5e8f8e2192973f3a65dcca9edaa5d,validated,967d45ea6afc16f59ad04c7a46416d7fdd7e7f0492ae96475c0383dd61abcb68
hurricane:AL102008__AL061989:a0.5|CPS-3F,1,03522b5f4b1b9d80013b557a1f4bb0e1c36cd495e0a8eba67de65ca6b2db84e8,74b621530f779a6d3c0f75b26e40d6419bc7a88204f9c0a9bf272a76c7d2991b,validated,4b2bad8f869c48e972baad76e8ef958e189f00e69a2f286991ce6b3151022ca3
hurricane:AL102008__AL061989:a0.5|Independent continuous,1,03522b5f4b1b9d80013b557a1f4bb0e1c36cd495e0a8eba67de65ca6b2db84e8,a82d988a04f7345ff56994f8120c29a11859c3296c1f63df20a40612a58e6159,validated,91fe5cf0e9e666e103b3f02c7e07a3d02d3e6cb0a3338d5711bb1ecd0d297b65
hurricane:EP102002__EP042014:a0.5|CPS-2F,1,c7e12ce495215ad4ea07cd2563504d9596457095f47999d9c2f0a69fe0758f68,7927ce13f79bf9368f7b88e09c77ef5b78dbf729bc22c1400c999e831d58b97f,validated,0105b27332a2cad7422f831c7877c38821d383f77faee19e842569f1a1af88d7
hurricane:EP102002__EP042014:a0.5|CPS-3F,1,c7e12ce495215ad4ea07cd2563504d9596457095f47999d9c2f0a69fe0758f68,3e2ba3300e1104c8772c1de147d4aba775cc67f012d82e0dea9ee133fcc955f1,validated,4f41ef9aef3ce3aa0710bd4e9fc196099c030b40830e422456cd5517d5753899
hurricane:EP102002__EP042014:a0.5|Independent continuous,1,c7e12ce495215ad4ea07cd2563504d9596457095f47999d9c2f0a69fe0758f68,e297990d78d4b5ea154f24c506b065d57a57deb1ed2c55a744ed7c60c8070c4c,validated,a50c4a19f4f54a3a31d54a111227ca531c1c5df162fffca681680b0f7d301af7
hurricane:EP102002__EP042014:a0.5|Independent discrete,1,c7e12ce495215ad4ea07cd2563504d9596457095f47999d9c2f0a69fe0758f68,cf907ad443762e07be2c63e11c97f0eed6eb473c3da33fe74e6f3177e1a775b1,validated,ea0d336367024369f3846318c8a47ab27573bb4756b08e3b5abc3c3e5dbe7413
hurricane:EP032000__EP041975:a0.5|CPS-3F,1,4f61048028e7f2e99bbb36e29c5c6f0bd6dad7d99299932738a2ec913d7ea67a,11843d3306aa2d467be7a82e05e7288eb4901b94771c65a52ebe7a19ffe6fde4,validated,3ca89b40d62dbca4cead2b6fa6bb8d251a7e6ba47fb2991f5032423c260a1e88
hurricane:EP032000__EP041975:a0.5|Independent continuous,1,4f61048028e7f2e99bbb36e29c5c6f0bd6dad7d99299932738a2ec913d7ea67a,40ab42e79ae3695ec0c621ac68e920aab276ac76adab6ae295b9fa4ce7df239b,validated,c2a707fbad1bef94891a178ce8b47b44fc0876ca9c283129c546f307805eaddd
hurricane:EP032000__EP041975:a0.5|Independent discrete,1,4f61048028e7f2e99bbb36e29c5c6f0bd6dad7d99299932738a2ec913d7ea67a,1d499c0152a19a0f7f2b4f617845180d287284119471460c16f66d1b2ef2c41a,validated,9fd41c13cdd75c0174828d34087e8900612a8cd2f9864e9344beb2554d204551
hurricane:EP032000__EP041975:a0.5|CPS-2F,1,4f61048028e7f2e99bbb36e29c5c6f0bd6dad7d99299932738a2ec913d7ea67a,c29e751db6c63dd023f77f2453156c6d21ad1dd20339fe1ab11b7cf17f1ed011,validated,b181aa56f31ba47f67adc94de538a09ea2023d67befc8f0fcdd189d9a630a7f7
hurricane:EP081993__EP121989:a0.5|Independent continuous,1,4ac28373bff6ea6afc5eb44c48cbbb5bb19ff12c6caef7db2d6707a2952d1834,831ac925bee235d4c9a5c0965028170b2e713d985d24abfd6b967a525026a452,validated,5f6becfe891438046dcdc69b59b205a2d35a41f07fb2795545a3e91843a959a2
hurricane:EP081993__EP121989:a0.5|Independent discrete,1,4ac28373bff6ea6afc5eb44c48cbbb5bb19ff12c6caef7db2d6707a2952d1834,06a36b0ce17ab29d22779bc6337fab87d6622253352e5dc0894fd8298fcb2fb6,validated,a22272da9a0e0d1c62079703d0adb4204ab59a19b14aa5f620df18f1799599be
hurricane:EP081993__EP121989:a0.5|CPS-2F,1,4ac28373bff6ea6afc5eb44c48cbbb5bb19ff12c6caef7db2d6707a2952d1834,563e176f509e39f1493aa55993164d8e4243d7d9d9a35714b62e71632f51252b,validated,a9744ae6b270149c4f8af0e1f1528ca565090704b3e47a9ea8f33c3a127512a4
hurricane:EP081993__EP121989:a0.5|CPS-3F,1,4ac28373bff6ea6afc5eb44c48cbbb5bb19ff12c6caef7db2d6707a2952d1834,08172b080195e0cb0bc424fff881e9b7ee40c746f8ff204e4d4d97159216d151,validated,d96ff7ebaa31535ab8f7673f2007df7aeb8a1c681a7cbf59fcb146721b5ab6c0
hurricane:EP032006__EP201992:a0.5|Independent discrete,1,a628134f9a46e9e7913c849105762a52bc7f7dbbf60d096ab68d220e7e118227,d32497ceea2708c9f7ee16135286f6658e16112699b036945ec3a058a303c6b9,validated,ff383418fc5bb3281bc498ac29a8b224077e237bc6ee4052c0e1479c2d490f9d
hurricane:EP032006__EP201992:a0.5|CPS-2F,1,a628134f9a46e9e7913c849105762a52bc7f7dbbf60d096ab68d220e7e118227,865a7d15138cd6254a90ca0357d6623a2a9df4f234c728e74f5a65a39971be8d,validated,5c7d1209e65bf7ef26f7005412e0224e38d03bbe05fdeddb04d7a3f622e89baf
hurricane:EP032006__EP201992:a0.5|CPS-3F,1,a628134f9a46e9e7913c849105762a52bc7f7dbbf60d096ab68d220e7e118227,9ef671c49eea75c82d08740b0c072b3954f45be6c15e0c5ab9dcf086c9cd8e0a,validated,7cda37040488a1cafb508c560a17654294dfc2e9b18138841dd16319d3c19606
hurricane:EP032006__EP201992:a0.5|Independent continuous,1,a628134f9a46e9e7913c849105762a52bc7f7dbbf60d096ab68d220e7e118227,cdfc1a2f2244955beb37ea0613733f82ae50568baa86aebac3b51f2f0d77ef3b,validated,090df3ccbd21ac24a3a68fe274e0cfb167a5936cdac7bb5e8204fc5d5b0ec7fa
hurricane:AL022011__AL071977:a0.5|CPS-2F,1,a69c2f5a77f296d5f57f506e9da0631ddc262a181f84e681436a40bcac9cca41,ba31af1f67844c89dd93316da01f853fce8945b7ef987fb0513fdc116a5c6ead,validated,11b6c94d00cac88cac2550f80f11fd839acf0fe2c09267464f4eb624e2c9a6fe
hurricane:AL022011__AL071977:a0.5|CPS-3F,1,a69c2f5a77f296d5f57f506e9da0631ddc262a181f84e681436a40bcac9cca41,44350cb36568911cf2d2dc83cba40d4bb42a774d29a230ac5b27581d74bfa3a6,validated,f2155a19d7ed3f327eb0368ccf22b3fb1cedd4d185ade84d94e3b70bddca0baf
hurricane:AL022011__AL071977:a0.5|Independent continuous,1,a69c2f5a77f296d5f57f506e9da0631ddc262a181f84e681436a40bcac9cca41,320c8f11f632a1023182d08ab3e0bab732c610d8a1177b6b8a5e8c3b2ae9efc0,validated,ff8f1ff00a41f2d006267b25ba78ace8d827740e86f3c897613fecb0d3de50b1
hurricane:AL022011__AL071977:a0.5|Independent discrete,1,a69c2f5a77f296d5f57f506e9da0631ddc262a181f84e681436a40bcac9cca41,de3f5015a889b533ba5b3be6b2f059b3bcf1c8f0721a4a6be546ee28da031148,validated,d52194036f04f994a220718985229f83cdb8a8875864ada272415d74a0edb2a1
hurricane:EP101972__EP141967:a0.5|CPS-3F,1,1136560945b718482100845d30314a5c97fde7b5a2ae428ea6275b9cbb457171,6c05e0919fae9f8b8b7b4239b02d50ad022becada6719ace93732bd254b36c55,validated,587fbc5f993af9e74a183ed395fca26459733f2e8d3a1d0c7f06aecbe0cac827
hurricane:EP101972__EP141967:a0.5|Independent continuous,1,1136560945b718482100845d30314a5c97fde7b5a2ae428ea6275b9cbb457171,a14429f38cd827ec45d6a5e3b61227d910bb65f6e7574f2b69de4b55b14136b4,validated,b0ad27aa920effe5235ef98b17f6b78378ea81b02e98006214da1859552f114e
hurricane:EP101972__EP141967:a0.5|Independent discrete,1,1136560945b718482100845d30314a5c97fde7b5a2ae428ea6275b9cbb457171,2d408c55908e712db636fda3baa571f72e056012764e5b832161af4c0957f231,validated,f9d1f4dd8f040ca01e0b1e83e1c32c8c0f929e52262e548ae2f0150b408e1479
hurricane:EP101972__EP141967:a0.5|CPS-2F,1,1136560945b718482100845d30314a5c97fde7b5a2ae428ea6275b9cbb457171,f39de41dff925eadc5d894922351d1fe946fbadd78df49d4445e70288e6ba046,validated,ed1b47fdb191536cad94cd54be3a6422eb1c30b0993ef6a22e1126a1f9ec1623
