printed,verified,reported_length,polymer_sequence_length,deposited_ca_length,prepared_ca_length,local_raw_length,length_matches_paper,author_chain,label_chain,model,models_available,alternate_ca_residues,selected_zero_occupancy_ca,selected_noncanonical_altloc,fragments,raw_max_coordinate_error_A,source,interpretation,pdb_url,sha256
107j.a,1o7j.a,325,327,325,325,325.0,True,A,A,1,1,1,0,0,1,0.0,"local raw, exact coordinate mapping",Probable letter-o/zero typo; local coordinates match 1O7J A; literal 107J returns 404.,https://www.rcsb.org/structure/1O7J,da222d63c753ca2f3d3d00c0cddc7e3b5e2292854e1f4303d7b6337f371970e7
1hfj.c,1hfj.c,325,327,325,325,325.0,True,C,B,1,1,0,0,0,1,0.0,"local raw, exact coordinate mapping",Author chain C; label chain B.,https://www.rcsb.org/structure/1HFJ,dfaf436eca91202590d7f9427d2019c03184fa7e9bb8eeb24cf91d7f96e74701
1qd1.b,1qd1.b,325,325,325,325,325.0,True,B,B,1,1,14,0,0,1,0.0,"local raw, exact coordinate mapping",Author chain B; author numbering starts at 2002.,https://www.rcsb.org/structure/1QD1,db8982cb28058a81ae3f2e923d76a8312c215d6c130f2b611cead9ad80cef818
1toh,1toh.a,325,343,325,325,325.0,True,A,A,1,1,0,0,0,2,0.0,"local raw, exact coordinate mapping",Chain omitted in paper; A is the only protein chain and matches the local file.,https://www.rcsb.org/structure/1TOH,a2278e50c0b1598a870d3e7274b410819d34b08560083e87aa8752548da2ab0c
4eca.c,4eca.c,325,326,326,325,325.0,True,C,C,1,1,0,0,0,2,0.0,"local raw, exact coordinate mapping",Local file omits a deposited polymer residue; retain raw subset and split there.,https://www.rcsb.org/structure/4ECA,b3acad9ec1655371688b3f22e7c8397f39da15af26ca96e82598cf25a9f86471
1d9q.d,1d9q.d,297,357,325,325,325.0,False,D,D,1,1,0,0,0,3,0.0,"local raw, exact coordinate mapping",Reported count differs from both local raw and current deposited C-alpha count.,https://www.rcsb.org/structure/1D9Q,d3ae040a9856e489c92253a096cc7cb71483bed1c5d71c23cac8f785fdb1ef77
4cea.b,4eca.b,325,326,326,325,325.0,True,B,B,1,1,0,0,0,2,0.0,"local raw, exact coordinate mapping","Probable transposition; 4CEA is HIV integrase (B: 150 C-alpha), local file matches 4ECA B.",https://www.rcsb.org/structure/4ECA,b3acad9ec1655371688b3f22e7c8397f39da15af26ca96e82598cf25a9f86471
4cea.d,4eca.d,325,326,326,325,325.0,True,D,D,1,1,0,0,0,2,0.0,"local raw, exact coordinate mapping","Probable transposition; 4CEA has no protein chain D, local file matches 4ECA D.",https://www.rcsb.org/structure/4ECA,b3acad9ec1655371688b3f22e7c8397f39da15af26ca96e82598cf25a9f86471
3ntx.a,3ntx.a,322,341,331,331,,False,A,A,1,1,24,0,0,2,,"current mmCIF, selected C-alpha conformer",No supplied raw file; current deposition used without trimming.,https://www.rcsb.org/structure/3NTX,21de159f8a898f1cc355fc478387728b32557f7ae2af128bc9d0db86c749da95
1wls.a,1wls.a,316,328,328,328,,False,A,A,1,1,0,0,0,1,,"current mmCIF, selected C-alpha conformer",No supplied raw file; current deposition used without trimming.,https://www.rcsb.org/structure/1WLS,ad17b9b2b0a849b09a9d15ec32161a7f605a3d0392e6618187b0315b6dbd12cf
2eq5.a,2eq5.a,215,228,215,215,,True,A,A,1,1,0,0,0,1,,"current mmCIF, selected C-alpha conformer",No supplied raw file; current deposition used without trimming.,https://www.rcsb.org/structure/2EQ5,d7b61ee1199d14532bdce0783ddfc356fd9c0d46d8e949bcb1430434ecaa966d
2zsk.a,2zsk.a,219,226,226,226,,False,A,A,1,1,0,0,0,1,,"current mmCIF, selected C-alpha conformer",No supplied raw file; current deposition used without trimming.,https://www.rcsb.org/structure/2ZSK,ce5a249a9b8063aefceb7c3645b58d70c960fbc2a92afe12cd59f89a34089d74
1zq1.a,1zq1.a,418,438,437,437,,False,A,A,1,1,0,0,0,1,,"current mmCIF, selected C-alpha conformer",No supplied raw file; current deposition used without trimming.,https://www.rcsb.org/structure/1ZQ1,4fe5d3df84227a8fc99696273eedf0f2aabba10910d3e2068024c94cf5cf4bd0
3jq0.a,3jq0.a,457,493,478,478,,False,A,A,1,1,34,0,0,2,,"current mmCIF, selected C-alpha conformer",No supplied raw file; current deposition used without trimming.,https://www.rcsb.org/structure/3JQ0,ff5c0540a426738d88d390134412f66ca439788e5a48666f9335b2b7850f292f
2fep.a,2fep.a,273,289,273,273,,True,A,A,1,1,0,0,0,1,,"current mmCIF, selected C-alpha conformer",No supplied raw file; current deposition used without trimming.,https://www.rcsb.org/structure/2FEP,c561b0cb555521c7b7addb49bb38642627247134784e856d5627b0c00f8083a4
