pair,pair_alias,fidelity,baseline,joint,baseline_validated,joint_validated,baseline_k,joint_k,delta_k,baseline_coupling_ratio,joint_coupling_ratio,equal_k_coupling_repair,baseline_source,joint_source
1o7j.a__1d9q.d,P1,continuous,Independent continuous,CPS-2F,True,True,16.0,16.0,0.0,1.0,1.0,False,output\paper_v1\unified_pilot_results\slots\17\attempts\slot17_8cc2d653a53341719f762049559f92f0,output\paper_v1\unified_pilot_results\slots\19\attempts\slot19_67a95ddd348341d08fd3a07c99191bd7
1o7j.a__1d9q.d,P1,discrete,Independent discrete,CPS-3F,True,True,20.0,20.0,0.0,1.0,1.0,False,output\paper_v1\graph_only_v2\attempts\C_8c679d9e32f84779ab0c2bea3386850e,output\paper_v1\unified_pilot_results\slots\20\attempts\slot20_e0ee0e87e6cf44b8b6e3f58388474666
1o7j.a__1hfj.c,P2,continuous,Independent continuous,CPS-2F,True,True,16.0,16.0,0.0,1.0,1.0,False,output\paper_v1\unified_pilot_results\slots\27\attempts\slot27_3abe46c8e95b4cdd96c9b8eb7f451478,output\paper_v1\unified_pilot_results\slots\25\attempts\slot25_e5ce743da5d4474f8086789aa234a723
1o7j.a__1hfj.c,P2,discrete,Independent discrete,CPS-3F,True,True,20.0,20.0,0.0,1.0,1.0,False,output\paper_v1\unified_pilot_results\slots\28\attempts\slot28_1530208469eb432cb8bc302cdc0c09fa,output\paper_v1\unified_pilot_results\slots\26\attempts\slot26_dd70540fbfa346d9babebd31da1d1eae
1o7j.a__1qd1.b,P3,continuous,Independent continuous,CPS-2F,True,True,20.0,20.0,0.0,1.0,1.0,False,output\paper_v1\expanded_comparison\slots\33\attempts\expanded33_cd40b1cb287c4293b17a8c217c343bff,output\paper_v1\expanded_comparison\slots\35\attempts\expanded35_4fea86cbd8a54e25b1f0959f61809ba3
1o7j.a__1qd1.b,P3,discrete,Independent discrete,CPS-3F,True,True,20.0,20.0,0.0,1.0,1.0,False,output\paper_v1\expanded_comparison\slots\34\attempts\expanded34_e309439661e84f828e3ac66dc0ee042a,output\paper_v1\expanded_comparison\slots\36\attempts\expanded36_b0a6256809594ea6b52aaa2f32fc4ee9
1o7j.a__4eca.d,P4,continuous,Independent continuous,CPS-2F,True,True,18.0,18.0,0.0,1.1727608268838183,1.0,True,output\paper_v1\expanded_comparison\slots\41\attempts\expanded41_da3bf933c57344b48c76eae72c26fcc6,output\paper_v1\expanded_comparison\slots\43\attempts\expanded43_11cd981519ea4c5fb33267ed28507b86
1o7j.a__4eca.d,P4,discrete,Independent discrete,CPS-3F,True,True,21.0,21.0,0.0,1.0,1.0,False,output\paper_v1\expanded_comparison\slots\42\attempts\expanded42_fd26c863622e455a9c4a6630250ec9e8,output\paper_v1\expanded_comparison\slots\44\attempts\expanded44_6906d978a7af4dbaac36afccfffbb772
1o7j.a__1toh.a,P5,continuous,Independent continuous,CPS-2F,True,True,16.0,16.0,0.0,1.0,1.0,False,output\paper_v1\expanded_comparison\slots\49\attempts\expanded49_7091dabdfc5f49dda51a71a173419874,output\paper_v1\expanded_comparison\slots\51\attempts\expanded51_72e5e9926d3848e6b4761ef7165f51b5
1o7j.a__1toh.a,P5,discrete,Independent discrete,CPS-3F,True,True,21.0,21.0,0.0,1.0,1.0,False,output\paper_v1\expanded_comparison\slots\50\attempts\expanded50_7157e7e5cb1a4ec9aff399f10b78208c,output\paper_v1\expanded_comparison\slots\52\attempts\expanded52_c4efe3d705014dad820831f4da89447d
AL031854__AL011991,H1,continuous,Independent continuous,CPS-2F,True,True,5.0,5.0,0.0,1.7024831862636949,1.0,True,output\paper_v1\unified_pilot_results\slots\01\attempts\slot01_a21dc5c0aa204ab3b617cea12e9c1fdf,output\paper_v1\unified_pilot_results\slots\03\attempts\slot03_5333325f78a44ccf8c803cb680ccb2c1
AL031854__AL011991,H1,discrete,Independent discrete,CPS-3F,True,True,20.0,20.0,0.0,1.0,1.0,False,output\paper_v1\unified_pilot_results\slots\02\attempts\slot02_be1a32ff67984f64be5a5df446945b5e,output\paper_v1\unified_pilot_results\slots\04\attempts\slot04_932e5573922349258233e40f17b3a4ad
EP021949__EP031949,H2,continuous,Independent continuous,CPS-2F,True,True,5.0,6.0,1.0,1.3984626803959483,0.9892227925259384,False,output\paper_v1\unified_pilot_results\slots\11\attempts\slot11_779efee65c1c4da48452a50487b13fb4,output\paper_v1\unified_pilot_results\slots\09\attempts\slot09_e46deb0bcdd14153a890b48a67dfe8ee
EP021949__EP031949,H2,discrete,Independent discrete,CPS-3F,True,True,25.0,25.0,0.0,1.0,1.0,False,output\paper_v1\unified_pilot_results\slots\12\attempts\slot12_cbb981900e99447d9afd681e05358355,output\paper_v1\unified_pilot_results\slots\10\attempts\slot10_9c3ce8eb1cc545e1b9833ac08e21c34d
EP111954__EP021984,H3,continuous,Independent continuous,CPS-2F,True,True,16.0,16.0,0.0,1.7492086610823305,0.9498091646955408,True,output\paper_v1\expanded_comparison\slots\57\attempts\expanded57_53aba65df4d145e491de2ca70d31b840,output\paper_v1\expanded_comparison\slots\59\attempts\expanded59_1a41930b343049c19e4c4044b1d1680e
EP111954__EP021984,H3,discrete,Independent discrete,CPS-3F,True,True,79.0,79.0,0.0,1.0,1.0,False,output\paper_v1\expanded_comparison\slots\58\attempts\expanded58_cc8c30ff1d1a48f7a0643c0286c3d20e,output\paper_v1\expanded_comparison\slots\60\attempts\expanded60_d1a5c27accb04d57bcfa4d365d99a606
AL072006__AL011900,H4,continuous,Independent continuous,CPS-2F,True,False,12.0,,,0.9973353073920145,,False,output\paper_v1\expanded_comparison\slots\65\attempts\expanded65_41947a210b8b496eaeaac9755feae1a4,output\paper_v1\expanded_comparison\slots\67\attempts\expanded67_d4d4cf7eb7c74142954855b541101365
AL072006__AL011900,H4,discrete,Independent discrete,CPS-3F,True,True,75.0,75.0,0.0,1.0,1.0,False,output\paper_v1\expanded_comparison\slots\66\attempts\expanded66_095d06dd1f3e431cb389cf35a6c9c8c2,output\paper_v1\expanded_comparison\slots\68\attempts\expanded68_601a57a3ba474fa3960adc238e08ffc1
EP012014__EP212006,H5,continuous,Independent continuous,CPS-2F,True,True,7.0,7.0,0.0,1.0,1.0,False,output\paper_v1\expanded_comparison\slots\73\attempts\expanded73_b16b8e72a62142e19f2b25e821b87e10,output\paper_v1\expanded_comparison\slots\75\attempts\expanded75_1d406bb8211e4ea9ad5fa732f6052f0d
EP012014__EP212006,H5,discrete,Independent discrete,CPS-3F,True,True,28.0,28.0,0.0,1.0,1.0,False,output\paper_v1\expanded_comparison\slots\74\attempts\expanded74_42a5eaa5d2ec4e088ba1161482a0f9b4,output\paper_v1\expanded_comparison\slots\76\attempts\expanded76_b5080725e48e4dd8bd107e4a0bb2ca1a
