configuration_id,attempt_count,status,validated,hashes_match
hurricane:EP092002__EP171994:a0.5|Independent continuous,1,validated,True,True
hurricane:EP092002__EP171994:a0.5|Independent discrete,1,validated,True,True
hurricane:EP092002__EP171994:a0.5|CPS-2F,1,validated,True,True
hurricane:EP092002__EP171994:a0.5|CPS-3F,1,validated,True,True
hurricane:AL091944__AL031917:a0.5|Independent discrete,1,validated,True,True
hurricane:AL091944__AL031917:a0.5|CPS-2F,1,validated,True,True
hurricane:AL091944__AL031917:a0.5|CPS-3F,1,validated,True,True
hurricane:AL091944__AL031917:a0.5|Independent continuous,1,validated,True,True
hurricane:EP101985__EP151985:a0.5|CPS-2F,1,validated,True,True
hurricane:EP101985__EP151985:a0.5|CPS-3F,1,validated,True,True
hurricane:EP101985__EP151985:a0.5|Independent continuous,1,validated,True,True
hurricane:EP101985__EP151985:a0.5|Independent discrete,1,validated,True,True
hurricane:EP031965__EP141991:a0.5|CPS-3F,1,validated,True,True
hurricane:EP031965__EP141991:a0.5|Independent continuous,1,validated,True,True
hurricane:EP031965__EP141991:a0.5|Independent discrete,1,validated,True,True
hurricane:EP031965__EP141991:a0.5|CPS-2F,1,validated,True,True
hurricane:AL061921__AL101926:a0.5|Independent continuous,1,validated,True,True
hurricane:AL061921__AL101926:a0.5|Independent discrete,1,validated,True,True
hurricane:AL061921__AL101926:a0.5|CPS-2F,1,transition_budget_limit,False,True
hurricane:AL061921__AL101926:a0.5|CPS-3F,1,validated,True,True
hurricane:EP041976__EP041984:a0.5|Independent discrete,1,validated,True,True
hurricane:EP041976__EP041984:a0.5|CPS-2F,1,validated,True,True
hurricane:EP041976__EP041984:a0.5|CPS-3F,1,validated,True,True
hurricane:EP041976__EP041984:a0.5|Independent continuous,1,validated,True,True
hurricane:EP081967__EP101980:a0.5|CPS-2F,1,validated,True,True
hurricane:EP081967__EP101980:a0.5|CPS-3F,1,validated,True,True
hurricane:EP081967__EP101980:a0.5|Independent continuous,1,validated,True,True
hurricane:EP081967__EP101980:a0.5|Independent discrete,1,validated,True,True
hurricane:EP031994__EP031978:a0.5|CPS-3F,1,validated,True,True
hurricane:EP031994__EP031978:a0.5|Independent continuous,1,validated,True,True
hurricane:EP031994__EP031978:a0.5|Independent discrete,1,validated,True,True
hurricane:EP031994__EP031978:a0.5|CPS-2F,1,validated,True,True
hurricane:EP021985__EP181984:a0.5|Independent continuous,1,validated,True,True
hurricane:EP021985__EP181984:a0.5|Independent discrete,1,validated,True,True
hurricane:EP021985__EP181984:a0.5|CPS-2F,1,validated,True,True
hurricane:EP021985__EP181984:a0.5|CPS-3F,1,validated,True,True
hurricane:AL101886__AL051950:a0.5|Independent discrete,1,validated,True,True
hurricane:AL101886__AL051950:a0.5|CPS-2F,1,validated,True,True
hurricane:AL101886__AL051950:a0.5|CPS-3F,1,validated,True,True
hurricane:AL101886__AL051950:a0.5|Independent continuous,1,validated,True,True
hurricane:AL091947__AL011953:a0.5|CPS-2F,1,validated,True,True
hurricane:AL091947__AL011953:a0.5|CPS-3F,1,validated,True,True
hurricane:AL091947__AL011953:a0.5|Independent continuous,1,validated,True,True
hurricane:AL091947__AL011953:a0.5|Independent discrete,1,validated,True,True
hurricane:EP072011__EP092011:a0.5|CPS-3F,1,validated,True,True
hurricane:EP072011__EP092011:a0.5|Independent continuous,1,validated,True,True
hurricane:EP072011__EP092011:a0.5|Independent discrete,1,validated,True,True
hurricane:EP072011__EP092011:a0.5|CPS-2F,1,validated,True,True
hurricane:AL171980__AL112009:a0.5|Independent continuous,1,validated,True,True
hurricane:AL171980__AL112009:a0.5|Independent discrete,1,validated,True,True
hurricane:AL171980__AL112009:a0.5|CPS-2F,1,validated,True,True
hurricane:AL171980__AL112009:a0.5|CPS-3F,1,validated,True,True
hurricane:AL102008__AL061989:a0.5|Independent discrete,1,validated,True,True
hurricane:AL102008__AL061989:a0.5|CPS-2F,1,validated,True,True
hurricane:AL102008__AL061989:a0.5|CPS-3F,1,validated,True,True
hurricane:AL102008__AL061989:a0.5|Independent continuous,1,validated,True,True
hurricane:EP102002__EP042014:a0.5|CPS-2F,1,validated,True,True
hurricane:EP102002__EP042014:a0.5|CPS-3F,1,validated,True,True
hurricane:EP102002__EP042014:a0.5|Independent continuous,1,validated,True,True
hurricane:EP102002__EP042014:a0.5|Independent discrete,1,validated,True,True
hurricane:EP032000__EP041975:a0.5|CPS-3F,1,validated,True,True
hurricane:EP032000__EP041975:a0.5|Independent continuous,1,validated,True,True
hurricane:EP032000__EP041975:a0.5|Independent discrete,1,validated,True,True
hurricane:EP032000__EP041975:a0.5|CPS-2F,1,validated,True,True
hurricane:EP081993__EP121989:a0.5|Independent continuous,1,validated,True,True
hurricane:EP081993__EP121989:a0.5|Independent discrete,1,validated,True,True
hurricane:EP081993__EP121989:a0.5|CPS-2F,1,validated,True,True
hurricane:EP081993__EP121989:a0.5|CPS-3F,1,validated,True,True
hurricane:EP032006__EP201992:a0.5|Independent discrete,1,validated,True,True
hurricane:EP032006__EP201992:a0.5|CPS-2F,1,validated,True,True
hurricane:EP032006__EP201992:a0.5|CPS-3F,1,validated,True,True
hurricane:EP032006__EP201992:a0.5|Independent continuous,1,validated,True,True
hurricane:AL022011__AL071977:a0.5|CPS-2F,1,validated,True,True
hurricane:AL022011__AL071977:a0.5|CPS-3F,1,validated,True,True
hurricane:AL022011__AL071977:a0.5|Independent continuous,1,validated,True,True
hurricane:AL022011__AL071977:a0.5|Independent discrete,1,validated,True,True
hurricane:EP101972__EP141967:a0.5|CPS-3F,1,validated,True,True
hurricane:EP101972__EP141967:a0.5|Independent continuous,1,validated,True,True
hurricane:EP101972__EP141967:a0.5|Independent discrete,1,validated,True,True
hurricane:EP101972__EP141967:a0.5|CPS-2F,1,validated,True,True
