configuration_id,plan_order,domain,pair,nA,nB,units,input_file,input_sha256,method,alpha,delta1,delta2,delta3,origin,attempt_path,status,validated,resource_limited,kA,kB,k,retained_A,retained_B,retained_total,solver_seconds,validation_seconds,warmup_seconds,total_seconds,peak_rss_mib,states,transitions,states_dequeued,completed_states_lower_bound,queue_size,chain_graphs_completed,graph_entered,solution_route,solver_optimality_claim,validation_status,limiting_phase,coupling_distance,coupling_feasible,raw_checkpoint_sha256,validation_proves_optimality,applicable_internal_seconds,effective_chain_cap,raw_status,supervisor_status,failure_reason,solver_time_kind,termination_reason,raw_kA,raw_kB,raw_k,observation_cohort
hurricane:EP092002__EP171994:a0.5|Independent continuous,1,hurricane,EP092002__EP171994,26,31,projected km,output\paper_v1\hurricane_final_20\inputs\hurricane_EP092002__EP171994.npz,d9373018d366573f51130baa294c338f83ffeedf55f6b14210dc3ec268db151d,Independent continuous,0.5,45.83754024662439,41.177371201851194,366.7686943223481,new,output\paper_v1\hurricane_final_20\slots\01\attempts\final20_01_b434dd29179344f58040590f59962d54,validated,True,False,4.0,5.0,5.0,0.15384615384615385,0.16129032258064516,0.15789473684210525,0.01475980001850985,0.001128700008848682,8.602286100009223,9.233298200007994,211.2578125,,,0,0,,0,False,independent_optimization,True,validated,,411.59259248787515,False,4bcf25762f1110e9dff6e9bcb7cb609cf7ccb1bedd72eefcfede470aa1e91b91,False,,N/A,optimal_independent_baseline,worker_exited,,solution_return,validated,4.0,5.0,5.0,hurricane_final_20 single observation
hurricane:EP092002__EP171994:a0.5|Independent discrete,2,hurricane,EP092002__EP171994,26,31,projected km,output\paper_v1\hurricane_final_20\inputs\hurricane_EP092002__EP171994.npz,d9373018d366573f51130baa294c338f83ffeedf55f6b14210dc3ec268db151d,Independent discrete,0.5,45.83754024662439,41.177371201851194,366.7686943223481,new,output\paper_v1\hurricane_final_20\slots\02\attempts\final20_02_021eda7600df412cb66577c8602cf8e4,validated,True,False,26.0,27.0,27.0,1.0,0.8709677419354839,0.9298245614035088,0.007512099982704967,0.0054438000079244375,12.262699400016572,13.222441699996125,193.9296875,,,0,0,,0,False,independent_optimization,True,validated,,366.7686943223481,True,e53522742b41b972c7916d61431100d4598c46f2ba0c3ac2f7c0a905c8cc0309,False,,2000000 default,optimal_independent_baseline,worker_exited,,solution_return,validated,26.0,27.0,27.0,hurricane_final_20 single observation
hurricane:EP092002__EP171994:a0.5|CPS-2F,3,hurricane,EP092002__EP171994,26,31,projected km,output\paper_v1\hurricane_final_20\inputs\hurricane_EP092002__EP171994.npz,d9373018d366573f51130baa294c338f83ffeedf55f6b14210dc3ec268db151d,CPS-2F,0.5,45.83754024662439,41.177371201851194,366.7686943223481,new,output\paper_v1\hurricane_final_20\slots\03\attempts\final20_03_30ed5a490d4340e4b557ed8452b1516c,validated,True,False,4.0,5.0,5.0,0.15384615384615385,0.16129032258064516,0.15789473684210525,2.288840099994559,0.0009611000132281333,9.54164129999117,12.527390700008254,223.390625,3208.0,1098127.0,3208,3207,0.0,2,True,configuration_graph,True,validated,,366.7686943223481,True,83944c1dee39833a476df40138905bfd2a698933dbebecf26ce22de93ec1c9ca,False,55.0,800000 main,optimal_configuration_graph,worker_exited,,solution_return,validated,4.0,5.0,5.0,hurricane_final_20 single observation
hurricane:EP092002__EP171994:a0.5|CPS-3F,4,hurricane,EP092002__EP171994,26,31,projected km,output\paper_v1\hurricane_final_20\inputs\hurricane_EP092002__EP171994.npz,d9373018d366573f51130baa294c338f83ffeedf55f6b14210dc3ec268db151d,CPS-3F,0.5,45.83754024662439,41.177371201851194,366.7686943223481,new,output\paper_v1\hurricane_final_20\slots\04\attempts\final20_04_619d64cf04564736abd1dd18b2c8b991,validated,True,False,26.0,27.0,27.0,1.0,0.8709677419354839,0.9298245614035088,0.036728400009451434,0.004202999989502132,6.341750399995362,7.034119600022677,194.2890625,243.0,891.0,243,242,0.0,2,True,configuration_graph,True,validated,,366.7686943223481,True,04fcd566e9f51ab44e0ddd4b8b1550036ce5ff6acfdb38a00dfa60d58fe1de8c,False,55.0,800000 main; 2000000 preprocessing,optimal_configuration_graph,worker_exited,,solution_return,validated,26.0,27.0,27.0,hurricane_final_20 single observation
hurricane:AL091944__AL031917:a0.5|Independent discrete,5,hurricane,AL091944__AL031917,29,35,projected km,output\paper_v1\hurricane_final_20\inputs\hurricane_AL091944__AL031917.npz,db58d5a0ccf7f77010e45e75cfb88aa32c39e3bba6f00c9a54ceb25a6f6a955d,Independent discrete,0.5,121.98706822368263,110.72765278464297,780.7843688813,new,output\paper_v1\hurricane_final_20\slots\05\attempts\final20_05_3a62e104edfc418990091b0fc0094304,validated,True,False,27.0,35.0,35.0,0.9310344827586207,1.0,0.96875,0.007298799988348037,0.005493399978149682,6.205396200006362,6.86317960001179,194.41796875,,,0,0,,0,False,independent_optimization,True,validated,,780.7843688813,True,eab41e804e71a1e5eb8668dc82aaf1ddc9bb0e4953519adcfd757d52b558c414,False,,2000000 default,optimal_independent_baseline,worker_exited,,solution_return,validated,27.0,35.0,35.0,hurricane_final_20 single observation
hurricane:AL091944__AL031917:a0.5|CPS-2F,6,hurricane,AL091944__AL031917,29,35,projected km,output\paper_v1\hurricane_final_20\inputs\hurricane_AL091944__AL031917.npz,db58d5a0ccf7f77010e45e75cfb88aa32c39e3bba6f00c9a54ceb25a6f6a955d,CPS-2F,0.5,121.98706822368263,110.72765278464297,780.7843688813,new,output\paper_v1\hurricane_final_20\slots\06\attempts\final20_06_866e9f142f5548c9b31eea1aac3dc726,validated,True,False,6.0,7.0,7.0,0.20689655172413793,0.2,0.203125,3.604877600009786,0.0015681000077165663,9.456084200006444,13.700527200009674,223.00390625,3660.0,2318923.0,3660,3659,0.0,2,True,configuration_graph,True,validated,,747.8036291490033,True,1103cc7dd2dbd056ba0dcbec792681490b03ca7b268cb600ea7760bd82b84d11,False,55.0,800000 main,optimal_configuration_graph,worker_exited,,solution_return,validated,6.0,7.0,7.0,hurricane_final_20 single observation
hurricane:AL091944__AL031917:a0.5|CPS-3F,7,hurricane,AL091944__AL031917,29,35,projected km,output\paper_v1\hurricane_final_20\inputs\hurricane_AL091944__AL031917.npz,db58d5a0ccf7f77010e45e75cfb88aa32c39e3bba6f00c9a54ceb25a6f6a955d,CPS-3F,0.5,121.98706822368263,110.72765278464297,780.7843688813,new,output\paper_v1\hurricane_final_20\slots\07\attempts\final20_07_9ead45b3a9ed4ab19713c687e77e7dd3,validated,True,False,27.0,35.0,35.0,0.9310344827586207,1.0,0.96875,0.03579579998040572,0.005604200006928295,6.105286700010765,6.803285000001779,195.33203125,195.0,570.0,195,194,0.0,2,True,configuration_graph,True,validated,,780.7843688813,True,57eea7d5938346690fee81bf67b8849271917337c151df0720e42057bd22abf7,False,55.0,800000 main; 2000000 preprocessing,optimal_configuration_graph,worker_exited,,solution_return,validated,27.0,35.0,35.0,hurricane_final_20 single observation
hurricane:AL091944__AL031917:a0.5|Independent continuous,8,hurricane,AL091944__AL031917,29,35,projected km,output\paper_v1\hurricane_final_20\inputs\hurricane_AL091944__AL031917.npz,db58d5a0ccf7f77010e45e75cfb88aa32c39e3bba6f00c9a54ceb25a6f6a955d,Independent continuous,0.5,121.98706822368263,110.72765278464297,780.7843688813,new,output\paper_v1\hurricane_final_20\slots\08\attempts\final20_08_db16c6b5195540c2af47c2511446e913,validated,True,False,6.0,6.0,6.0,0.20689655172413793,0.17142857142857143,0.1875,0.019302900007460266,0.0010656000231392682,8.749222999991616,9.409465100005036,211.49609375,,,0,0,,0,False,independent_optimization,True,validated,,1180.1130563459121,False,3fee3d68c641a6725ce391e7054c07fd57f487b56d020f149896dc81e927e320,False,,N/A,optimal_independent_baseline,worker_exited,,solution_return,validated,6.0,6.0,6.0,hurricane_final_20 single observation
hurricane:EP101985__EP151985:a0.5|CPS-2F,9,hurricane,EP101985__EP151985,37,38,projected km,output\paper_v1\hurricane_final_20\inputs\hurricane_EP101985__EP151985.npz,198a2064c5a3b34d6c35ed1796113bb59541fac26e1f7574831025b960c8a87f,CPS-2F,0.5,47.80687237861397,51.042034331067995,406.85909889789855,new,output\paper_v1\hurricane_final_20\slots\09\attempts\final20_09_eb7bd5f7323448baa7ad1468993fe005,validated,True,False,5.0,6.0,6.0,0.13513513513513514,0.15789473684210525,0.14666666666666667,3.8288532000151463,0.0011983999866060913,9.508383000007598,13.971550299989758,228.3671875,4039.0,1670988.0,4039,4038,0.0,2,True,configuration_graph,True,validated,,406.85909889789855,True,12616f203647119410e4efcec3991d2732a75c3736da9af524ab0d6b7460dd2b,False,55.0,800000 main,optimal_configuration_graph,worker_exited,,solution_return,validated,5.0,6.0,6.0,hurricane_final_20 single observation
hurricane:EP101985__EP151985:a0.5|CPS-3F,10,hurricane,EP101985__EP151985,37,38,projected km,output\paper_v1\hurricane_final_20\inputs\hurricane_EP101985__EP151985.npz,198a2064c5a3b34d6c35ed1796113bb59541fac26e1f7574831025b960c8a87f,CPS-3F,0.5,47.80687237861397,51.042034331067995,406.85909889789855,new,output\paper_v1\hurricane_final_20\slots\10\attempts\final20_10_a12a88c5c90046c5828fe762e12e783e,validated,True,False,37.0,36.0,37.0,1.0,0.9473684210526315,0.9733333333333334,0.03897549997782335,0.008912999997846782,6.332461300014984,7.114194599998882,194.765625,288.0,816.0,288,287,0.0,2,True,configuration_graph,True,validated,,406.85909889789855,True,3d4d9a99bc597070a05f1c3a9fff1621256973ebe521c8a6e628d8abbfbb3435,False,55.0,800000 main; 2000000 preprocessing,optimal_configuration_graph,worker_exited,,solution_return,validated,37.0,36.0,37.0,hurricane_final_20 single observation
hurricane:EP101985__EP151985:a0.5|Independent continuous,11,hurricane,EP101985__EP151985,37,38,projected km,output\paper_v1\hurricane_final_20\inputs\hurricane_EP101985__EP151985.npz,198a2064c5a3b34d6c35ed1796113bb59541fac26e1f7574831025b960c8a87f,Independent continuous,0.5,47.80687237861397,51.042034331067995,406.85909889789855,new,output\paper_v1\hurricane_final_20\slots\11\attempts\final20_11_acdcfa29a7d9446f94aa50661c0dddb9,validated,True,False,4.0,6.0,6.0,0.10810810810810811,0.15789473684210525,0.13333333333333333,0.033131000003777444,0.0010356999991927296,9.031145699991612,9.732847699982813,211.7890625,,,0,0,,0,False,independent_optimization,True,validated,,914.1930035398707,False,87796080228911261a506c3f6cfe28f2fee75682c15a71d5d2acd1387d6592ac,False,,N/A,optimal_independent_baseline,worker_exited,,solution_return,validated,4.0,6.0,6.0,hurricane_final_20 single observation
hurricane:EP101985__EP151985:a0.5|Independent discrete,12,hurricane,EP101985__EP151985,37,38,projected km,output\paper_v1\hurricane_final_20\inputs\hurricane_EP101985__EP151985.npz,198a2064c5a3b34d6c35ed1796113bb59541fac26e1f7574831025b960c8a87f,Independent discrete,0.5,47.80687237861397,51.042034331067995,406.85909889789855,new,output\paper_v1\hurricane_final_20\slots\12\attempts\final20_12_6da99ca50a034841840ee306c7c8cafe,validated,True,False,37.0,36.0,37.0,1.0,0.9473684210526315,0.9733333333333334,0.008439899975201115,0.0071659999957773834,6.220291800011182,6.898319900006754,194.3671875,,,0,0,,0,False,independent_optimization,True,validated,,406.85909889789855,True,9bb87c79149eba2e0886fb5adcfc3df04ac41bafc7c112a701424c35729b7a38,False,,2000000 default,optimal_independent_baseline,worker_exited,,solution_return,validated,37.0,36.0,37.0,hurricane_final_20 single observation
hurricane:EP031965__EP141991:a0.5|CPS-3F,13,hurricane,EP031965__EP141991,25,42,projected km,output\paper_v1\hurricane_final_20\inputs\hurricane_EP031965__EP141991.npz,5f0259d773d05eb0b0d9aa87bec1a403edc2ebe426ac37986dc304fb3a2b70cf,CPS-3F,0.5,48.708645368633796,35.45293164546874,434.6913296711127,new,output\paper_v1\hurricane_final_20\slots\13\attempts\final20_13_7957d74aba4843288c5f5ac0777d6ae5,validated,True,False,25.0,38.0,38.0,1.0,0.9047619047619048,0.9402985074626866,0.03508119998150505,0.005993600003421307,6.449998600000981,7.153456600004574,195.58203125,260.0,803.0,260,259,0.0,2,True,configuration_graph,True,validated,,434.6913296711127,True,2352659543547cdd5d98539d36463c5d0131d2895484a426dd3f5a38966c2958,False,55.0,800000 main; 2000000 preprocessing,optimal_configuration_graph,worker_exited,,solution_return,validated,25.0,38.0,38.0,hurricane_final_20 single observation
hurricane:EP031965__EP141991:a0.5|Independent continuous,14,hurricane,EP031965__EP141991,25,42,projected km,output\paper_v1\hurricane_final_20\inputs\hurricane_EP031965__EP141991.npz,5f0259d773d05eb0b0d9aa87bec1a403edc2ebe426ac37986dc304fb3a2b70cf,Independent continuous,0.5,48.708645368633796,35.45293164546874,434.6913296711127,new,output\paper_v1\hurricane_final_20\slots\14\attempts\final20_14_bf5d6943445e43de83984aaabce39ebe,validated,True,False,4.0,7.0,7.0,0.16,0.16666666666666666,0.16417910447761194,0.05091799999354407,0.00281510001514107,17.01701160002267,17.9866267000034,211.9296875,,,0,0,,0,False,independent_optimization,True,validated,,481.1066315905446,False,f86abc6d502d3cb17b41d8dc5dab2c4b69fb78d9f8f86bdb295b852e19cb5b1e,False,,N/A,optimal_independent_baseline,worker_exited,,solution_return,validated,4.0,7.0,7.0,hurricane_final_20 single observation
hurricane:EP031965__EP141991:a0.5|Independent discrete,15,hurricane,EP031965__EP141991,25,42,projected km,output\paper_v1\hurricane_final_20\inputs\hurricane_EP031965__EP141991.npz,5f0259d773d05eb0b0d9aa87bec1a403edc2ebe426ac37986dc304fb3a2b70cf,Independent discrete,0.5,48.708645368633796,35.45293164546874,434.6913296711127,new,output\paper_v1\hurricane_final_20\slots\15\attempts\final20_15_8ff9c91d98364b5295c99dc1d34b268e,validated,True,False,25.0,38.0,38.0,1.0,0.9047619047619048,0.9402985074626866,0.007731499994406477,0.006500799994682893,6.092934999993304,6.793398699985119,194.390625,,,0,0,,0,False,independent_optimization,True,validated,,434.6913296711127,True,d27ae84f7a7c9362724291848db86dd95746ffa2d4a3765efd4143234e879f9c,False,,2000000 default,optimal_independent_baseline,worker_exited,,solution_return,validated,25.0,38.0,38.0,hurricane_final_20 single observation
hurricane:EP031965__EP141991:a0.5|CPS-2F,16,hurricane,EP031965__EP141991,25,42,projected km,output\paper_v1\hurricane_final_20\inputs\hurricane_EP031965__EP141991.npz,5f0259d773d05eb0b0d9aa87bec1a403edc2ebe426ac37986dc304fb3a2b70cf,CPS-2F,0.5,48.708645368633796,35.45293164546874,434.6913296711127,new,output\paper_v1\hurricane_final_20\slots\16\attempts\final20_16_d4e35d041ef04ad5989ece181a5d19a1,validated,True,False,4.0,7.0,7.0,0.16,0.16666666666666666,0.16417910447761194,3.652038600004744,0.0010332000092603266,9.366063499997836,13.641687400027877,224.02734375,3543.0,1843112.0,3543,3542,0.0,2,True,configuration_graph,True,validated,,434.6913296711127,True,4442c348b97d681b3a4aa4c6af7118d2132c1150b5dc2d96c24525d24484e1d0,False,55.0,800000 main,optimal_configuration_graph,worker_exited,,solution_return,validated,4.0,7.0,7.0,hurricane_final_20 single observation
hurricane:AL061921__AL101926:a0.5|Independent continuous,17,hurricane,AL061921__AL101926,43,57,projected km,output\paper_v1\hurricane_final_20\inputs\hurricane_AL061921__AL101926.npz,075b62ae7810f20aaee5716a08592d9c34d29821f5cad9ce1f78dbd209b3c638,Independent continuous,0.5,58.88759553114429,62.830460127712165,1227.852607303796,new,output\paper_v1\hurricane_final_20\slots\17\attempts\final20_17_1395c928d4754fc7942839c77b7f3225,validated,True,False,7.0,11.0,11.0,0.16279069767441862,0.19298245614035087,0.18,0.06425749999471009,0.0017139000119641423,8.353907100012293,9.074205800017808,211.8671875,,,0,0,,0,False,independent_optimization,True,validated,,1238.515466104501,False,28d4c1c31e1fcd116e4672bafcb71f2536dd9a9d2829ab8d7a177461d989ae09,False,,N/A,optimal_independent_baseline,worker_exited,,solution_return,validated,7.0,11.0,11.0,hurricane_final_20 single observation
hurricane:AL061921__AL101926:a0.5|Independent discrete,18,hurricane,AL061921__AL101926,43,57,projected km,output\paper_v1\hurricane_final_20\inputs\hurricane_AL061921__AL101926.npz,075b62ae7810f20aaee5716a08592d9c34d29821f5cad9ce1f78dbd209b3c638,Independent discrete,0.5,58.88759553114429,62.830460127712165,1227.852607303796,new,output\paper_v1\hurricane_final_20\slots\18\attempts\final20_18_7e6483aa34094a098d9dc41a27d91a71,validated,True,False,38.0,44.0,44.0,0.8837209302325582,0.7719298245614035,0.82,0.013488199998391792,0.011334399983752519,6.137898099987069,6.845366399997147,195.28515625,,,0,0,,0,False,independent_optimization,True,validated,,1227.852607303796,True,36e2534e1390fb97619cf592b86ad6b3c0bf8e71e0b26d9cdf0b2b2af6896b38,False,,2000000 default,optimal_independent_baseline,worker_exited,,solution_return,validated,38.0,44.0,44.0,hurricane_final_20 single observation
hurricane:AL061921__AL101926:a0.5|CPS-2F,19,hurricane,AL061921__AL101926,43,57,projected km,output\paper_v1\hurricane_final_20\inputs\hurricane_AL061921__AL101926.npz,075b62ae7810f20aaee5716a08592d9c34d29821f5cad9ce1f78dbd209b3c638,CPS-2F,0.5,58.88759553114429,62.830460127712165,1227.852607303796,new,output\paper_v1\hurricane_final_20\slots\19\attempts\final20_19_670b202c19c54aa28a7f79a13800898a,transition_budget_limit,False,True,,,,,,,18.44404349999968,,9.510264000011375,28.579126199998427,248.55078125,24180.0,20000001.0,1374,1373,22806.0,2,True,configuration_graph,False,not_run_no_solution,solver / configuration_graph,,,,False,55.0,800000 main,transition_budget_limit,worker_exited,product transition budget exceeded,time_to_termination,transition_budget_limit,,,,hurricane_final_20 single observation
hurricane:AL061921__AL101926:a0.5|CPS-3F,20,hurricane,AL061921__AL101926,43,57,projected km,output\paper_v1\hurricane_final_20\inputs\hurricane_AL061921__AL101926.npz,075b62ae7810f20aaee5716a08592d9c34d29821f5cad9ce1f78dbd209b3c638,CPS-3F,0.5,58.88759553114429,62.830460127712165,1227.852607303796,new,output\paper_v1\hurricane_final_20\slots\20\attempts\final20_20_5c112c2ece744b91bba8231374693156,validated,True,False,38.0,44.0,44.0,0.8837209302325582,0.7719298245614035,0.82,0.14126069998019375,0.009323400008725002,6.121916900010547,6.956661200005328,196.23046875,2926.0,55992.0,2926,2925,0.0,2,True,configuration_graph,True,validated,,1227.852607303796,True,1932e1d1b182e1b8545e55c7082dd962c6b6cae1c94fd3f1f0b609479badc446,False,55.0,800000 main; 2000000 preprocessing,optimal_configuration_graph,worker_exited,,solution_return,validated,38.0,44.0,44.0,hurricane_final_20 single observation
hurricane:EP041976__EP041984:a0.5|Independent discrete,21,hurricane,EP041976__EP041984,30,48,projected km,output\paper_v1\hurricane_final_20\inputs\hurricane_EP041976__EP041984.npz,2b36cf5f84c94603b94c277ea7970c2e6cf82612160bc26c97cfa9ab20d6faf9,Independent discrete,0.5,83.64402051056445,50.39076854793013,436.5324275155856,new,output\paper_v1\hurricane_final_20\slots\21\attempts\final20_21_195f4b6c144744ffa35f95f208986226,validated,True,False,30.0,46.0,46.0,1.0,0.9583333333333334,0.9743589743589743,0.008555000007618219,0.00899030000437051,6.1175161999999546,6.995949400006793,194.25,,,0,0,,0,False,independent_optimization,True,validated,,436.5324275155856,True,dc84748c7919e8d7eed0599b2cf2c3b62b7c57c1a4fffc5cbb54b020145367ed,False,,2000000 default,optimal_independent_baseline,worker_exited,,solution_return,validated,30.0,46.0,46.0,hurricane_final_20 single observation
hurricane:EP041976__EP041984:a0.5|CPS-2F,22,hurricane,EP041976__EP041984,30,48,projected km,output\paper_v1\hurricane_final_20\inputs\hurricane_EP041976__EP041984.npz,2b36cf5f84c94603b94c277ea7970c2e6cf82612160bc26c97cfa9ab20d6faf9,CPS-2F,0.5,83.64402051056445,50.39076854793013,436.5324275155856,new,output\paper_v1\hurricane_final_20\slots\22\attempts\final20_22_2aadd96ecd56487888d5543761e41814,validated,True,False,5.0,6.0,6.0,0.16666666666666666,0.125,0.14102564102564102,4.315903199982131,0.0011474000057205558,9.305828900018241,14.242148899997119,226.7578125,3295.0,1795151.0,3295,3294,0.0,2,True,configuration_graph,True,validated,,429.73857138378906,True,4489af41fa89fe9f8f0fae1de58481ed6663cd891e4671cc52574dde2be1a059,False,55.0,800000 main,optimal_configuration_graph,worker_exited,,solution_return,validated,5.0,6.0,6.0,hurricane_final_20 single observation
hurricane:EP041976__EP041984:a0.5|CPS-3F,23,hurricane,EP041976__EP041984,30,48,projected km,output\paper_v1\hurricane_final_20\inputs\hurricane_EP041976__EP041984.npz,2b36cf5f84c94603b94c277ea7970c2e6cf82612160bc26c97cfa9ab20d6faf9,CPS-3F,0.5,83.64402051056445,50.39076854793013,436.5324275155856,new,output\paper_v1\hurricane_final_20\slots\23\attempts\final20_23_0892021af506422ebb7300b58a6e42e8,validated,True,False,30.0,46.0,46.0,1.0,0.9583333333333334,0.9743589743589743,0.04181930000777356,0.008058999985223636,6.2749560000083875,7.007859200006351,194.484375,225.0,632.0,225,224,0.0,2,True,configuration_graph,True,validated,,436.5324275155856,True,465b6951ad4d10c610be3ed9b5caca1f66eade3887210b3607b549c8d9447aae,False,55.0,800000 main; 2000000 preprocessing,optimal_configuration_graph,worker_exited,,solution_return,validated,30.0,46.0,46.0,hurricane_final_20 single observation
hurricane:EP041976__EP041984:a0.5|Independent continuous,24,hurricane,EP041976__EP041984,30,48,projected km,output\paper_v1\hurricane_final_20\inputs\hurricane_EP041976__EP041984.npz,2b36cf5f84c94603b94c277ea7970c2e6cf82612160bc26c97cfa9ab20d6faf9,Independent continuous,0.5,83.64402051056445,50.39076854793013,436.5324275155856,new,output\paper_v1\hurricane_final_20\slots\24\attempts\final20_24_d3470a252d2145ca9c41c4fcf7aa442b,validated,True,False,4.0,6.0,6.0,0.13333333333333333,0.125,0.1282051282051282,0.03382700000656769,0.0010967999987769872,8.81918369999039,9.52157020001323,211.5,,,0,0,,0,False,independent_optimization,True,validated,,827.8460935735579,False,ee0538d750fe51616e853ee23fa13edc55e36e7fd4c47e768961b4b4f5cd5e19,False,,N/A,optimal_independent_baseline,worker_exited,,solution_return,validated,4.0,6.0,6.0,hurricane_final_20 single observation
hurricane:EP081967__EP101980:a0.5|CPS-2F,25,hurricane,EP081967__EP101980,25,26,projected km,output\paper_v1\hurricane_final_20\inputs\hurricane_EP081967__EP101980.npz,0946514b39933f9ee0d804e81a1a0d4ec1b8e11aaa85884cc2187bcb3030e97c,CPS-2F,0.5,58.49826189155207,56.24516977788647,275.4479155672447,new,output\paper_v1\hurricane_final_20\slots\25\attempts\final20_25_66c8bad9489b41fab6327cf23c780263,validated,True,False,4.0,4.0,4.0,0.16,0.15384615384615385,0.1568627450980392,1.3483357999939471,0.0010406999790575355,9.337196200009203,11.353829500003485,220.375,1675.0,636165.0,1675,1674,0.0,2,True,configuration_graph,True,validated,,267.79068668295764,True,9cb22e4ef5c8ed1eb531e8804aefca2c16578a31cde957903fe771a60e09daf5,False,55.0,800000 main,optimal_configuration_graph,worker_exited,,solution_return,validated,4.0,4.0,4.0,hurricane_final_20 single observation
hurricane:EP081967__EP101980:a0.5|CPS-3F,26,hurricane,EP081967__EP101980,25,26,projected km,output\paper_v1\hurricane_final_20\inputs\hurricane_EP081967__EP101980.npz,0946514b39933f9ee0d804e81a1a0d4ec1b8e11aaa85884cc2187bcb3030e97c,CPS-3F,0.5,58.49826189155207,56.24516977788647,275.4479155672447,new,output\paper_v1\hurricane_final_20\slots\26\attempts\final20_26_30241021b400499a9710be07c88dddac,validated,True,False,24.0,26.0,26.0,0.96,1.0,0.9803921568627451,0.02887929999269545,0.003855399991152808,6.2069460000202525,6.8801501999842,194.22265625,100.0,238.0,100,99,0.0,2,True,configuration_graph,True,validated,,267.79068668295764,True,26ffd2834c4a2ace1ce4e13b99b2e1a81c1d0eacaa8d3c6ce87f20283d12e300,False,55.0,800000 main; 2000000 preprocessing,optimal_configuration_graph,worker_exited,,solution_return,validated,24.0,26.0,26.0,hurricane_final_20 single observation
hurricane:EP081967__EP101980:a0.5|Independent continuous,27,hurricane,EP081967__EP101980,25,26,projected km,output\paper_v1\hurricane_final_20\inputs\hurricane_EP081967__EP101980.npz,0946514b39933f9ee0d804e81a1a0d4ec1b8e11aaa85884cc2187bcb3030e97c,Independent continuous,0.5,58.49826189155207,56.24516977788647,275.4479155672447,new,output\paper_v1\hurricane_final_20\slots\27\attempts\final20_27_de706e57356c4f08ba62f91aba4abaa5,validated,True,False,4.0,3.0,4.0,0.16,0.11538461538461539,0.13725490196078433,0.010675300000002608,0.0008187000057660043,8.387730899994494,9.046611500001745,212.03125,,,0,0,,0,False,independent_optimization,True,validated,,702.9479211864347,False,e9cbdcbdb9c2b571e36ba2ced42177c52d3d47954e2d14a79236ae282baf49a0,False,,N/A,optimal_independent_baseline,worker_exited,,solution_return,validated,4.0,3.0,4.0,hurricane_final_20 single observation
hurricane:EP081967__EP101980:a0.5|Independent discrete,28,hurricane,EP081967__EP101980,25,26,projected km,output\paper_v1\hurricane_final_20\inputs\hurricane_EP081967__EP101980.npz,0946514b39933f9ee0d804e81a1a0d4ec1b8e11aaa85884cc2187bcb3030e97c,Independent discrete,0.5,58.49826189155207,56.24516977788647,275.4479155672447,new,output\paper_v1\hurricane_final_20\slots\28\attempts\final20_28_8c2506e898e04b858825e283a3e44fdf,validated,True,False,24.0,26.0,26.0,0.96,1.0,0.9803921568627451,0.005400199996074662,0.004158099996857345,6.133046600007219,6.786389999993844,194.5078125,,,0,0,,0,False,independent_optimization,True,validated,,267.79068668295764,True,5639a805434c502401cd42b59a9513f298a183f5472e6e51f74e185471ab0515,False,,2000000 default,optimal_independent_baseline,worker_exited,,solution_return,validated,24.0,26.0,26.0,hurricane_final_20 single observation
hurricane:EP031994__EP031978:a0.5|CPS-3F,29,hurricane,EP031994__EP031978,29,35,projected km,output\paper_v1\hurricane_final_20\inputs\hurricane_EP031994__EP031978.npz,1d28bc38a35762d764489667768030a48b0d3b023d8e11cf8dd1e994b766d591,CPS-3F,0.5,55.959134751814815,50.925845594557714,569.7520381273594,new,output\paper_v1\hurricane_final_20\slots\29\attempts\final20_29_aa3ca4b72b8c4222901d54440e883ea9,validated,True,False,29.0,33.0,33.0,1.0,0.9428571428571428,0.96875,0.03687450001598336,0.005482600012328476,6.082833099993877,6.783809999993537,194.70703125,235.0,639.0,235,234,0.0,2,True,configuration_graph,True,validated,,559.6076726995886,True,7e846befe3982edab186e9251cf18f35f10d404de5ba7311a54abac55e60a6c3,False,55.0,800000 main; 2000000 preprocessing,optimal_configuration_graph,worker_exited,,solution_return,validated,29.0,33.0,33.0,hurricane_final_20 single observation
hurricane:EP031994__EP031978:a0.5|Independent continuous,30,hurricane,EP031994__EP031978,29,35,projected km,output\paper_v1\hurricane_final_20\inputs\hurricane_EP031994__EP031978.npz,1d28bc38a35762d764489667768030a48b0d3b023d8e11cf8dd1e994b766d591,Independent continuous,0.5,55.959134751814815,50.925845594557714,569.7520381273594,new,output\paper_v1\hurricane_final_20\slots\30\attempts\final20_30_475599a6b1d54bdd80bc1cff799f4c26,validated,True,False,3.0,6.0,6.0,0.10344827586206896,0.17142857142857143,0.140625,0.019133900001179427,0.0010051999997813255,8.382048400002532,9.063583299983293,211.1171875,,,0,0,,0,False,independent_optimization,True,validated,,937.291951316008,False,7234cefb94523c3c7cc6e64fbde4d0cdbbf0c2591be99cfce9c9429d4025d6fd,False,,N/A,optimal_independent_baseline,worker_exited,,solution_return,validated,3.0,6.0,6.0,hurricane_final_20 single observation
hurricane:EP031994__EP031978:a0.5|Independent discrete,31,hurricane,EP031994__EP031978,29,35,projected km,output\paper_v1\hurricane_final_20\inputs\hurricane_EP031994__EP031978.npz,1d28bc38a35762d764489667768030a48b0d3b023d8e11cf8dd1e994b766d591,Independent discrete,0.5,55.959134751814815,50.925845594557714,569.7520381273594,new,output\paper_v1\hurricane_final_20\slots\31\attempts\final20_31_dc00c064cb1d4e339c7e15dbb6f227bb,validated,True,False,29.0,33.0,33.0,1.0,0.9428571428571428,0.96875,0.008231499989051372,0.009109899983741343,6.213632700004382,6.91475709999213,194.25,,,0,0,,0,False,independent_optimization,True,validated,,559.6076726995886,True,66d9e55f65fa0f5393f5699f1d4f668797412408df930125eeaedda0e3f68e86,False,,2000000 default,optimal_independent_baseline,worker_exited,,solution_return,validated,29.0,33.0,33.0,hurricane_final_20 single observation
hurricane:EP031994__EP031978:a0.5|CPS-2F,32,hurricane,EP031994__EP031978,29,35,projected km,output\paper_v1\hurricane_final_20\inputs\hurricane_EP031994__EP031978.npz,1d28bc38a35762d764489667768030a48b0d3b023d8e11cf8dd1e994b766d591,CPS-2F,0.5,55.959134751814815,50.925845594557714,569.7520381273594,new,output\paper_v1\hurricane_final_20\slots\32\attempts\final20_32_d7629be544a04b7c9a22f439d333fc89,validated,True,False,4.0,6.0,6.0,0.13793103448275862,0.17142857142857143,0.15625,3.5850653999950737,0.0010093999735545367,15.585915000003297,20.124959000007948,224.96484375,3403.0,1648014.0,3403,3402,0.0,2,True,configuration_graph,True,validated,,560.9631223298908,True,22e8ce1359da2c2f378095188044a310c1c2e46ca5d67c7ec530c7624e064841,False,55.0,800000 main,optimal_configuration_graph,worker_exited,,solution_return,validated,4.0,6.0,6.0,hurricane_final_20 single observation
hurricane:EP021985__EP181984:a0.5|Independent continuous,33,hurricane,EP021985__EP181984,41,36,projected km,output\paper_v1\hurricane_final_20\inputs\hurricane_EP021985__EP181984.npz,55cb19cbe18e96961f064d76de7fb24a5594e61c951d573b5bcccb3346af57b6,Independent continuous,0.5,43.37875585432532,36.58753352077068,472.3424551981962,new,output\paper_v1\hurricane_final_20\slots\33\attempts\final20_33_2caf8d64c11043df8a23af6f3c211a35,validated,True,False,3.0,4.0,4.0,0.07317073170731707,0.1111111111111111,0.09090909090909091,0.027624900016235188,0.0010532999876886606,8.438277000008384,9.14576029998716,211.0,,,0,0,,0,False,independent_optimization,True,validated,,654.0764671467856,False,9bfb1ed444589ae337b087903af000a0d96c2fde0a2d4aa0347cd40a2aef315a,False,,N/A,optimal_independent_baseline,worker_exited,,solution_return,validated,3.0,4.0,4.0,hurricane_final_20 single observation
hurricane:EP021985__EP181984:a0.5|Independent discrete,34,hurricane,EP021985__EP181984,41,36,projected km,output\paper_v1\hurricane_final_20\inputs\hurricane_EP021985__EP181984.npz,55cb19cbe18e96961f064d76de7fb24a5594e61c951d573b5bcccb3346af57b6,Independent discrete,0.5,43.37875585432532,36.58753352077068,472.3424551981962,new,output\paper_v1\hurricane_final_20\slots\34\attempts\final20_34_ea9ee483f1294ae3a828afeb3625747f,validated,True,False,41.0,31.0,41.0,1.0,0.8611111111111112,0.935064935064935,0.008108400012133643,0.00776360000600107,6.181967299984535,6.8402401999919675,193.92578125,,,0,0,,0,False,independent_optimization,True,validated,,472.3424551981962,True,cf948851ced2337c5268fa9e5b1f65c1b15239f0541192afc833ebe6727b4351,False,,2000000 default,optimal_independent_baseline,worker_exited,,solution_return,validated,41.0,31.0,41.0,hurricane_final_20 single observation
hurricane:EP021985__EP181984:a0.5|CPS-2F,35,hurricane,EP021985__EP181984,41,36,projected km,output\paper_v1\hurricane_final_20\inputs\hurricane_EP021985__EP181984.npz,55cb19cbe18e96961f064d76de7fb24a5594e61c951d573b5bcccb3346af57b6,CPS-2F,0.5,43.37875585432532,36.58753352077068,472.3424551981962,new,output\paper_v1\hurricane_final_20\slots\35\attempts\final20_35_ebb9bf586aa24487a1f9d9f887ce4018,validated,True,False,4.0,4.0,4.0,0.0975609756097561,0.1111111111111111,0.1038961038961039,28.729263600020204,0.0010812999971676618,9.298267799982568,38.63007480002125,249.24609375,6553.0,7885493.0,6553,6552,0.0,2,True,configuration_graph,True,validated,,472.3424551981962,True,4eb3868cbef46c417b1d60e4485dd69e3730a7ee987337711a4c56a749bd9ce9,False,55.0,800000 main,optimal_configuration_graph,worker_exited,,solution_return,validated,4.0,4.0,4.0,hurricane_final_20 single observation
hurricane:EP021985__EP181984:a0.5|CPS-3F,36,hurricane,EP021985__EP181984,41,36,projected km,output\paper_v1\hurricane_final_20\inputs\hurricane_EP021985__EP181984.npz,55cb19cbe18e96961f064d76de7fb24a5594e61c951d573b5bcccb3346af57b6,CPS-3F,0.5,43.37875585432532,36.58753352077068,472.3424551981962,new,output\paper_v1\hurricane_final_20\slots\36\attempts\final20_36_4e04d78dd5974e99b6e05aa37ad0a368,validated,True,False,41.0,31.0,41.0,1.0,0.8611111111111112,0.935064935064935,0.03961519998847507,0.007583800004795194,6.0870538000017405,6.769721300021047,194.8984375,504.0,2402.0,504,503,0.0,2,True,configuration_graph,True,validated,,472.3424551981962,True,ad955476b312fb1a639628aa79e8f4e37713022413c9ad8279f13febae0f1893,False,55.0,800000 main; 2000000 preprocessing,optimal_configuration_graph,worker_exited,,solution_return,validated,41.0,31.0,41.0,hurricane_final_20 single observation
hurricane:AL101886__AL051950:a0.5|Independent discrete,37,hurricane,AL101886__AL051950,25,38,projected km,output\paper_v1\hurricane_final_20\inputs\hurricane_AL101886__AL051950.npz,f25f94d3a701d9a25b14646dc7b39b615e35be775c28cac17d3aa907bd4c8de6,Independent discrete,0.5,43.474298909026594,35.76313176940481,820.0003849815315,new,output\paper_v1\hurricane_final_20\slots\37\attempts\final20_37_51b2e98e30d54d699e42eed27543c97a,validated,True,False,24.0,28.0,28.0,0.96,0.7368421052631579,0.8253968253968254,0.007918599992990494,0.00415439999778755,6.335325899999589,6.990687200013781,194.0703125,,,0,0,,0,False,independent_optimization,True,validated,,820.0003849815315,True,7e92d0da2f38352e4f17a1b04086b5702796f0d2f359c5c1c9059e8a332a3fed,False,,2000000 default,optimal_independent_baseline,worker_exited,,solution_return,validated,24.0,28.0,28.0,hurricane_final_20 single observation
hurricane:AL101886__AL051950:a0.5|CPS-2F,38,hurricane,AL101886__AL051950,25,38,projected km,output\paper_v1\hurricane_final_20\inputs\hurricane_AL101886__AL051950.npz,f25f94d3a701d9a25b14646dc7b39b615e35be775c28cac17d3aa907bd4c8de6,CPS-2F,0.5,43.474298909026594,35.76313176940481,820.0003849815315,new,output\paper_v1\hurricane_final_20\slots\38\attempts\final20_38_58df75aaae554088a8460ccc5c84df2f,validated,True,False,5.0,11.0,11.0,0.2,0.2894736842105263,0.25396825396825395,26.220165100006852,0.00550859997747466,9.654401200008579,36.588156499987235,236.16015625,11941.0,10421580.0,11941,11940,0.0,2,True,configuration_graph,True,validated,,796.4814255884816,True,2589a0f0e836989aede3cebb47cd3f2f4bc0e12af630af0121f27e58e21b8327,False,55.0,800000 main,optimal_configuration_graph,worker_exited,,solution_return,validated,5.0,11.0,11.0,hurricane_final_20 single observation
hurricane:AL101886__AL051950:a0.5|CPS-3F,39,hurricane,AL101886__AL051950,25,38,projected km,output\paper_v1\hurricane_final_20\inputs\hurricane_AL101886__AL051950.npz,f25f94d3a701d9a25b14646dc7b39b615e35be775c28cac17d3aa907bd4c8de6,CPS-3F,0.5,43.474298909026594,35.76313176940481,820.0003849815315,new,output\paper_v1\hurricane_final_20\slots\39\attempts\final20_39_f320fc4065b8426997773f0f0db07068,validated,True,False,24.0,28.0,28.0,0.96,0.7368421052631579,0.8253968253968254,0.03821100000641309,0.005325500009348616,6.281195699993987,6.9936812999949325,194.7578125,761.0,3952.0,761,760,0.0,2,True,configuration_graph,True,validated,,820.0003849815315,True,e37e6fbd0983b7ed49ab133dbd9bc29a7d1f4dcb4b99a4f671c1fff9e9488851,False,55.0,800000 main; 2000000 preprocessing,optimal_configuration_graph,worker_exited,,solution_return,validated,24.0,28.0,28.0,hurricane_final_20 single observation
hurricane:AL101886__AL051950:a0.5|Independent continuous,40,hurricane,AL101886__AL051950,25,38,projected km,output\paper_v1\hurricane_final_20\inputs\hurricane_AL101886__AL051950.npz,f25f94d3a701d9a25b14646dc7b39b615e35be775c28cac17d3aa907bd4c8de6,Independent continuous,0.5,43.474298909026594,35.76313176940481,820.0003849815315,new,output\paper_v1\hurricane_final_20\slots\40\attempts\final20_40_4c2bf1aaa30540999f85ae007f04ef46,validated,True,False,5.0,11.0,11.0,0.2,0.2894736842105263,0.25396825396825395,0.019697399984579533,0.0013789000222459435,8.821992200013483,9.554313300002832,211.18359375,,,0,0,,0,False,independent_optimization,True,validated,,796.4814255884816,True,6267e2e73f8a675c2910dadec1025424263b5d66eef8449a7a19b5d3cff12674,False,,N/A,optimal_independent_baseline,worker_exited,,solution_return,validated,5.0,11.0,11.0,hurricane_final_20 single observation
hurricane:AL091947__AL011953:a0.5|CPS-2F,41,hurricane,AL091947__AL011953,36,53,projected km,output\paper_v1\hurricane_final_20\inputs\hurricane_AL091947__AL011953.npz,4031a8fd96ff75fa97fa22b47e517942f0d69918d5e7e816aeefb1b31df04589,CPS-2F,0.5,52.29511935829839,32.915760399141355,1009.5226098832308,new,output\paper_v1\hurricane_final_20\slots\41\attempts\final20_41_0a466baa66464fb3943e4e57645c28be,validated,True,False,8.0,14.0,14.0,0.2222222222222222,0.2641509433962264,0.24719101123595505,11.655956500006141,0.0024047000042628497,9.379213800013531,21.65210730000399,243.0,15604.0,7636068.0,15604,15603,0.0,2,True,configuration_graph,True,validated,,1004.1042444727788,True,20a7df3292c41c98f272c65f30ff3166762ed65960a5ce65af1b155acaeb3036,False,55.0,800000 main,optimal_configuration_graph,worker_exited,,solution_return,validated,8.0,14.0,14.0,hurricane_final_20 single observation
hurricane:AL091947__AL011953:a0.5|CPS-3F,42,hurricane,AL091947__AL011953,36,53,projected km,output\paper_v1\hurricane_final_20\inputs\hurricane_AL091947__AL011953.npz,4031a8fd96ff75fa97fa22b47e517942f0d69918d5e7e816aeefb1b31df04589,CPS-3F,0.5,52.29511935829839,32.915760399141355,1009.5226098832308,new,output\paper_v1\hurricane_final_20\slots\42\attempts\final20_42_d2895748c5d14bdeb6a05676e77abfb5,validated,True,False,34.0,45.0,45.0,0.9444444444444444,0.8490566037735849,0.8876404494382022,0.052097100007813424,0.008875400002580136,6.256517100002384,7.109292599983746,194.6171875,1237.0,5869.0,1237,1236,0.0,2,True,configuration_graph,True,validated,,1009.5226098832308,True,10cb85eef27b33eba1b1ec4dbcd331bb8aac467fbe9821a610f42f1420a2d403,False,55.0,800000 main; 2000000 preprocessing,optimal_configuration_graph,worker_exited,,solution_return,validated,34.0,45.0,45.0,hurricane_final_20 single observation
hurricane:AL091947__AL011953:a0.5|Independent continuous,43,hurricane,AL091947__AL011953,36,53,projected km,output\paper_v1\hurricane_final_20\inputs\hurricane_AL091947__AL011953.npz,4031a8fd96ff75fa97fa22b47e517942f0d69918d5e7e816aeefb1b31df04589,Independent continuous,0.5,52.29511935829839,32.915760399141355,1009.5226098832308,new,output\paper_v1\hurricane_final_20\slots\43\attempts\final20_43_2836407e874c424f8e39aa2dc464034d,validated,True,False,8.0,14.0,14.0,0.2222222222222222,0.2641509433962264,0.24719101123595505,0.05249619999085553,0.0020019000221509486,8.501144999987446,9.28114320000168,211.62890625,,,0,0,,0,False,independent_optimization,True,validated,,1004.1042444727788,True,cf2befea6b727e5fc85e81a7505d0ea63cace6eadd8cdf6c07c1c904a14a8682,False,,N/A,optimal_independent_baseline,worker_exited,,solution_return,validated,8.0,14.0,14.0,hurricane_final_20 single observation
hurricane:AL091947__AL011953:a0.5|Independent discrete,44,hurricane,AL091947__AL011953,36,53,projected km,output\paper_v1\hurricane_final_20\inputs\hurricane_AL091947__AL011953.npz,4031a8fd96ff75fa97fa22b47e517942f0d69918d5e7e816aeefb1b31df04589,Independent discrete,0.5,52.29511935829839,32.915760399141355,1009.5226098832308,new,output\paper_v1\hurricane_final_20\slots\44\attempts\final20_44_4bd691e859f24298bcd50204bf7e8ce2,validated,True,False,34.0,45.0,45.0,0.9444444444444444,0.8490566037735849,0.8876404494382022,0.01750210000318475,0.009427799988770857,6.398459899995942,7.135785100021167,194.00390625,,,0,0,,0,False,independent_optimization,True,validated,,1009.5226098832308,True,eedde4ec3bf6e7c4154f34bef567c7efca6f95a63a735358d3d087e90af3efe3,False,,2000000 default,optimal_independent_baseline,worker_exited,,solution_return,validated,34.0,45.0,45.0,hurricane_final_20 single observation
hurricane:EP072011__EP092011:a0.5|CPS-3F,45,hurricane,EP072011__EP092011,26,50,projected km,output\paper_v1\hurricane_final_20\inputs\hurricane_EP072011__EP092011.npz,713b56e638ff3d937cd45d4d877fd079194042f824e2bf0397f43daf6fc357df,CPS-3F,0.5,61.390107461780424,38.9242234382456,401.5857984622588,new,output\paper_v1\hurricane_final_20\slots\45\attempts\final20_45_0821628804ba483ba30cbc671c8e4102,validated,True,False,26.0,45.0,45.0,1.0,0.9,0.9342105263157895,0.03877210000064224,0.006796400004532188,6.081837900012033,6.783291299972916,194.890625,260.0,798.0,260,259,0.0,2,True,configuration_graph,True,validated,,401.5857984622588,True,0ca334d9079d1c9c738354dc39af8615091e63e450c26641e1d1b8bf5b87d08c,False,55.0,800000 main; 2000000 preprocessing,optimal_configuration_graph,worker_exited,,solution_return,validated,26.0,45.0,45.0,hurricane_final_20 single observation
hurricane:EP072011__EP092011:a0.5|Independent continuous,46,hurricane,EP072011__EP092011,26,50,projected km,output\paper_v1\hurricane_final_20\inputs\hurricane_EP072011__EP092011.npz,713b56e638ff3d937cd45d4d877fd079194042f824e2bf0397f43daf6fc357df,Independent continuous,0.5,61.390107461780424,38.9242234382456,401.5857984622588,new,output\paper_v1\hurricane_final_20\slots\46\attempts\final20_46_37192d3934c744d582184f79b62e61d8,validated,True,False,4.0,7.0,7.0,0.15384615384615385,0.14,0.14473684210526316,0.035003600001800805,0.0011245000059716403,8.954050600004848,9.745583200012334,211.09765625,,,0,0,,0,False,independent_optimization,True,validated,,652.6949279490382,False,99c2843fcd234c6eda8d6cdf45a9a6ff91d5e1c6f4df8e9e0bc667462f4084ad,False,,N/A,optimal_independent_baseline,worker_exited,,solution_return,validated,4.0,7.0,7.0,hurricane_final_20 single observation
hurricane:EP072011__EP092011:a0.5|Independent discrete,47,hurricane,EP072011__EP092011,26,50,projected km,output\paper_v1\hurricane_final_20\inputs\hurricane_EP072011__EP092011.npz,713b56e638ff3d937cd45d4d877fd079194042f824e2bf0397f43daf6fc357df,Independent discrete,0.5,61.390107461780424,38.9242234382456,401.5857984622588,new,output\paper_v1\hurricane_final_20\slots\47\attempts\final20_47_d4a9dc9ae7b84cda9454df9608014fe7,validated,True,False,26.0,45.0,45.0,1.0,0.9,0.9342105263157895,0.011407399986637756,0.007964800024637952,6.164498600002844,6.860734799993224,194.609375,,,0,0,,0,False,independent_optimization,True,validated,,401.5857984622588,True,dfb22e30f263f313b3277e574df7e7c5fcc016641dfc8ecfd29ba6e9db6a76ad,False,,2000000 default,optimal_independent_baseline,worker_exited,,solution_return,validated,26.0,45.0,45.0,hurricane_final_20 single observation
hurricane:EP072011__EP092011:a0.5|CPS-2F,48,hurricane,EP072011__EP092011,26,50,projected km,output\paper_v1\hurricane_final_20\inputs\hurricane_EP072011__EP092011.npz,713b56e638ff3d937cd45d4d877fd079194042f824e2bf0397f43daf6fc357df,CPS-2F,0.5,61.390107461780424,38.9242234382456,401.5857984622588,new,output\paper_v1\hurricane_final_20\slots\48\attempts\final20_48_2edd7361056443178e128d82458295ee,validated,True,False,5.0,7.0,7.0,0.19230769230769232,0.14,0.15789473684210525,4.614621599990642,0.001992300007259473,9.363285800005542,14.620300299982773,227.0625,3992.0,2000225.0,3992,3991,0.0,2,True,configuration_graph,True,validated,,400.40844854787963,True,a8e9a247b0b50b1f8307bf0a70cb574e1a0a6bc713851c408ea8e9322da9849d,False,55.0,800000 main,optimal_configuration_graph,worker_exited,,solution_return,validated,5.0,7.0,7.0,hurricane_final_20 single observation
hurricane:AL171980__AL112009:a0.5|Independent continuous,49,hurricane,AL171980__AL112009,25,31,projected km,output\paper_v1\hurricane_final_20\inputs\hurricane_AL171980__AL112009.npz,5de1fe8932de570845156bf23d5f0b282c1e5938a22df37324c8f517a6fe250f,Independent continuous,0.5,46.16236679818303,45.7059501167157,581.976309646647,new,output\paper_v1\hurricane_final_20\slots\49\attempts\final20_49_08a4e1c1718046018d829bbf67b74f8d,validated,True,False,6.0,6.0,6.0,0.24,0.1935483870967742,0.21428571428571427,0.014490700006717816,0.0013949999993201345,8.404902999987826,9.07932270001038,212.23828125,,,0,0,,0,False,independent_optimization,True,validated,,604.897441504401,False,906f2ef1b32866afcdfbb1d0b7612ecf8029eb437877eed6781e4e75504f01c9,False,,N/A,optimal_independent_baseline,worker_exited,,solution_return,validated,6.0,6.0,6.0,hurricane_final_20 single observation
hurricane:AL171980__AL112009:a0.5|Independent discrete,50,hurricane,AL171980__AL112009,25,31,projected km,output\paper_v1\hurricane_final_20\inputs\hurricane_AL171980__AL112009.npz,5de1fe8932de570845156bf23d5f0b282c1e5938a22df37324c8f517a6fe250f,Independent discrete,0.5,46.16236679818303,45.7059501167157,581.976309646647,new,output\paper_v1\hurricane_final_20\slots\50\attempts\final20_50_a4383118ca454e09b67c5cf1cc90a664,validated,True,False,25.0,28.0,28.0,1.0,0.9032258064516129,0.9464285714285714,0.006229099992197007,0.005319199990481138,6.159655299998121,7.003501800005324,194.40625,,,0,0,,0,False,independent_optimization,True,validated,,567.4684502395265,True,bdcea81e1b98f678c66a969df887684662f267ba0ce80a2e627af76be9ef0ab4,False,,2000000 default,optimal_independent_baseline,worker_exited,,solution_return,validated,25.0,28.0,28.0,hurricane_final_20 single observation
hurricane:AL171980__AL112009:a0.5|CPS-2F,51,hurricane,AL171980__AL112009,25,31,projected km,output\paper_v1\hurricane_final_20\inputs\hurricane_AL171980__AL112009.npz,5de1fe8932de570845156bf23d5f0b282c1e5938a22df37324c8f517a6fe250f,CPS-2F,0.5,46.16236679818303,45.7059501167157,581.976309646647,new,output\paper_v1\hurricane_final_20\slots\51\attempts\final20_51_14a139201f594820b2f7e7b3059dcaad,validated,True,False,7.0,6.0,7.0,0.28,0.1935483870967742,0.23214285714285715,2.9894712999812327,0.001117600011639297,9.66789709997829,13.308344999997644,224.015625,4509.0,2370136.0,4509,4508,0.0,2,True,configuration_graph,True,validated,,581.976309646647,True,5a2109b61c8a85b11c40c217f012a5f341bb3a600b660c5b64f6c94281e758c3,False,55.0,800000 main,optimal_configuration_graph,worker_exited,,solution_return,validated,7.0,6.0,7.0,hurricane_final_20 single observation
hurricane:AL171980__AL112009:a0.5|CPS-3F,52,hurricane,AL171980__AL112009,25,31,projected km,output\paper_v1\hurricane_final_20\inputs\hurricane_AL171980__AL112009.npz,5de1fe8932de570845156bf23d5f0b282c1e5938a22df37324c8f517a6fe250f,CPS-3F,0.5,46.16236679818303,45.7059501167157,581.976309646647,new,output\paper_v1\hurricane_final_20\slots\52\attempts\final20_52_b4f045f5d8844464bd2f0bcf54eea3e8,validated,True,False,25.0,28.0,28.0,1.0,0.9032258064516129,0.9464285714285714,0.02983970000059344,0.0048716000164859,6.087768800003687,6.7238725000061095,194.984375,270.0,795.0,270,269,0.0,2,True,configuration_graph,True,validated,,567.4684502395265,True,fc04c819ed92b61865727762ebd2eae52591645a9b1068e0ca2728cd1a9c5b4f,False,55.0,800000 main; 2000000 preprocessing,optimal_configuration_graph,worker_exited,,solution_return,validated,25.0,28.0,28.0,hurricane_final_20 single observation
hurricane:AL102008__AL061989:a0.5|Independent discrete,53,hurricane,AL102008__AL061989,33,36,projected km,output\paper_v1\hurricane_final_20\inputs\hurricane_AL102008__AL061989.npz,03522b5f4b1b9d80013b557a1f4bb0e1c36cd495e0a8eba67de65ca6b2db84e8,Independent discrete,0.5,55.4905898744148,66.59347000338767,700.5236944883802,new,output\paper_v1\hurricane_final_20\slots\53\attempts\final20_53_8b318395eeb046589e99724d910e5bb1,validated,True,False,32.0,28.0,32.0,0.9696969696969697,0.7777777777777778,0.8695652173913043,0.008482600009301677,0.006322900007944554,6.139439599995967,6.807865100010531,194.234375,,,0,0,,0,False,independent_optimization,True,validated,,646.791622710143,True,5d0cbaba5b4469900b1ab29bf16bb752858580862ea5085fa3bd6238c78be341,False,,2000000 default,optimal_independent_baseline,worker_exited,,solution_return,validated,32.0,28.0,32.0,hurricane_final_20 single observation
hurricane:AL102008__AL061989:a0.5|CPS-2F,54,hurricane,AL102008__AL061989,33,36,projected km,output\paper_v1\hurricane_final_20\inputs\hurricane_AL102008__AL061989.npz,03522b5f4b1b9d80013b557a1f4bb0e1c36cd495e0a8eba67de65ca6b2db84e8,CPS-2F,0.5,55.4905898744148,66.59347000338767,700.5236944883802,new,output\paper_v1\hurricane_final_20\slots\54\attempts\final20_54_5781486474d142eca33fd1ac3ecba66e,validated,True,False,4.0,5.0,5.0,0.12121212121212122,0.1388888888888889,0.13043478260869565,4.283125599991763,0.0012984999921172857,17.70065060001798,23.113295599992853,226.5,3833.0,1865958.0,3833,3832,0.0,2,True,configuration_graph,True,validated,,658.8924374865827,True,967d45ea6afc16f59ad04c7a46416d7fdd7e7f0492ae96475c0383dd61abcb68,False,55.0,800000 main,optimal_configuration_graph,worker_exited,,solution_return,validated,4.0,5.0,5.0,hurricane_final_20 single observation
hurricane:AL102008__AL061989:a0.5|CPS-3F,55,hurricane,AL102008__AL061989,33,36,projected km,output\paper_v1\hurricane_final_20\inputs\hurricane_AL102008__AL061989.npz,03522b5f4b1b9d80013b557a1f4bb0e1c36cd495e0a8eba67de65ca6b2db84e8,CPS-3F,0.5,55.4905898744148,66.59347000338767,700.5236944883802,new,output\paper_v1\hurricane_final_20\slots\55\attempts\final20_55_f8e5c012d43b42c6bfe76bb8c06d1308,validated,True,False,32.0,28.0,32.0,0.9696969696969697,0.7777777777777778,0.8695652173913043,0.038276400009635836,0.005106900003738701,6.2152965999848675,6.9277924000052735,194.33203125,321.0,1202.0,321,320,0.0,2,True,configuration_graph,True,validated,,646.791622710143,True,4b2bad8f869c48e972baad76e8ef958e189f00e69a2f286991ce6b3151022ca3,False,55.0,800000 main; 2000000 preprocessing,optimal_configuration_graph,worker_exited,,solution_return,validated,32.0,28.0,32.0,hurricane_final_20 single observation
hurricane:AL102008__AL061989:a0.5|Independent continuous,56,hurricane,AL102008__AL061989,33,36,projected km,output\paper_v1\hurricane_final_20\inputs\hurricane_AL102008__AL061989.npz,03522b5f4b1b9d80013b557a1f4bb0e1c36cd495e0a8eba67de65ca6b2db84e8,Independent continuous,0.5,55.4905898744148,66.59347000338767,700.5236944883802,new,output\paper_v1\hurricane_final_20\slots\56\attempts\final20_56_30668bb6fe404f53a66ffcf1cd0974e1,validated,True,False,4.0,5.0,5.0,0.12121212121212122,0.1388888888888889,0.13043478260869565,0.022386199998436496,0.0009910000080708414,19.212043899984565,21.326440599979833,211.76953125,,,0,0,,0,False,independent_optimization,True,validated,,658.8924374865827,True,91fe5cf0e9e666e103b3f02c7e07a3d02d3e6cb0a3338d5711bb1ecd0d297b65,False,,N/A,optimal_independent_baseline,worker_exited,,solution_return,validated,4.0,5.0,5.0,hurricane_final_20 single observation
hurricane:EP102002__EP042014:a0.5|CPS-2F,57,hurricane,EP102002__EP042014,31,42,projected km,output\paper_v1\hurricane_final_20\inputs\hurricane_EP102002__EP042014.npz,c7e12ce495215ad4ea07cd2563504d9596457095f47999d9c2f0a69fe0758f68,CPS-2F,0.5,45.982674841101485,33.04288866454094,408.6856459982538,new,output\paper_v1\hurricane_final_20\slots\57\attempts\final20_57_3b593e011f1945c8b0d3ed5a26fd0127,validated,True,False,5.0,5.0,5.0,0.16129032258064516,0.11904761904761904,0.136986301369863,9.175453900010325,0.001038899994455278,9.29830380002386,19.12705830001505,233.8828125,5120.0,4028404.0,5120,5119,0.0,2,True,configuration_graph,True,validated,,403.000534714608,True,0105b27332a2cad7422f831c7877c38821d383f77faee19e842569f1a1af88d7,False,55.0,800000 main,optimal_configuration_graph,worker_exited,,solution_return,validated,5.0,5.0,5.0,hurricane_final_20 single observation
hurricane:EP102002__EP042014:a0.5|CPS-3F,58,hurricane,EP102002__EP042014,31,42,projected km,output\paper_v1\hurricane_final_20\inputs\hurricane_EP102002__EP042014.npz,c7e12ce495215ad4ea07cd2563504d9596457095f47999d9c2f0a69fe0758f68,CPS-3F,0.5,45.982674841101485,33.04288866454094,408.6856459982538,new,output\paper_v1\hurricane_final_20\slots\58\attempts\final20_58_ea2ce80db7c94079a2cb369e959559f5,validated,True,False,29.0,32.0,32.0,0.9354838709677419,0.7619047619047619,0.8356164383561644,0.039407200005371124,0.0057487000012770295,6.252010899974266,6.9771976999763865,195.26171875,487.0,3100.0,487,486,0.0,2,True,configuration_graph,True,validated,,408.6856459982538,True,4f41ef9aef3ce3aa0710bd4e9fc196099c030b40830e422456cd5517d5753899,False,55.0,800000 main; 2000000 preprocessing,optimal_configuration_graph,worker_exited,,solution_return,validated,29.0,32.0,32.0,hurricane_final_20 single observation
hurricane:EP102002__EP042014:a0.5|Independent continuous,59,hurricane,EP102002__EP042014,31,42,projected km,output\paper_v1\hurricane_final_20\inputs\hurricane_EP102002__EP042014.npz,c7e12ce495215ad4ea07cd2563504d9596457095f47999d9c2f0a69fe0758f68,Independent continuous,0.5,45.982674841101485,33.04288866454094,408.6856459982538,new,output\paper_v1\hurricane_final_20\slots\59\attempts\final20_59_c16322178b4f407d8f119718c8734830,validated,True,False,5.0,5.0,5.0,0.16129032258064516,0.11904761904761904,0.136986301369863,0.025266999989980832,0.001032100000884384,8.416472299984889,9.113569000008283,211.12109375,,,0,0,,0,False,independent_optimization,True,validated,,490.0162107783782,False,a50c4a19f4f54a3a31d54a111227ca531c1c5df162fffca681680b0f7d301af7,False,,N/A,optimal_independent_baseline,worker_exited,,solution_return,validated,5.0,5.0,5.0,hurricane_final_20 single observation
hurricane:EP102002__EP042014:a0.5|Independent discrete,60,hurricane,EP102002__EP042014,31,42,projected km,output\paper_v1\hurricane_final_20\inputs\hurricane_EP102002__EP042014.npz,c7e12ce495215ad4ea07cd2563504d9596457095f47999d9c2f0a69fe0758f68,Independent discrete,0.5,45.982674841101485,33.04288866454094,408.6856459982538,new,output\paper_v1\hurricane_final_20\slots\60\attempts\final20_60_cec96105783145718039ee5868a75078,validated,True,False,29.0,32.0,32.0,0.9354838709677419,0.7619047619047619,0.8356164383561644,0.007113599975127727,0.00713980000000447,6.097605000017211,6.772223699983442,194.015625,,,0,0,,0,False,independent_optimization,True,validated,,408.6856459982538,True,ea0d336367024369f3846318c8a47ab27573bb4756b08e3b5abc3c3e5dbe7413,False,,2000000 default,optimal_independent_baseline,worker_exited,,solution_return,validated,29.0,32.0,32.0,hurricane_final_20 single observation
hurricane:EP032000__EP041975:a0.5|CPS-3F,61,hurricane,EP032000__EP041975,27,41,projected km,output\paper_v1\hurricane_final_20\inputs\hurricane_EP032000__EP041975.npz,4f61048028e7f2e99bbb36e29c5c6f0bd6dad7d99299932738a2ec913d7ea67a,CPS-3F,0.5,54.744544807367404,42.88395494751405,654.008303422923,new,output\paper_v1\hurricane_final_20\slots\61\attempts\final20_61_4070de11bcbf480b88acbf4063e461e3,validated,True,False,27.0,34.0,34.0,1.0,0.8292682926829268,0.8970588235294118,0.035960799985332415,0.005834900017362088,6.197687400010182,6.910101899993606,195.16015625,449.0,2006.0,449,448,0.0,2,True,configuration_graph,True,validated,,654.008303422923,True,3ca89b40d62dbca4cead2b6fa6bb8d251a7e6ba47fb2991f5032423c260a1e88,False,55.0,800000 main; 2000000 preprocessing,optimal_configuration_graph,worker_exited,,solution_return,validated,27.0,34.0,34.0,hurricane_final_20 single observation
hurricane:EP032000__EP041975:a0.5|Independent continuous,62,hurricane,EP032000__EP041975,27,41,projected km,output\paper_v1\hurricane_final_20\inputs\hurricane_EP032000__EP041975.npz,4f61048028e7f2e99bbb36e29c5c6f0bd6dad7d99299932738a2ec913d7ea67a,Independent continuous,0.5,54.744544807367404,42.88395494751405,654.008303422923,new,output\paper_v1\hurricane_final_20\slots\62\attempts\final20_62_d9a1a067bb774a53933e28812954c0c6,validated,True,False,3.0,8.0,8.0,0.1111111111111111,0.1951219512195122,0.16176470588235295,0.02421549998689443,0.0015838000108487904,8.496429399994668,9.209856599976774,212.04296875,,,0,0,,0,False,independent_optimization,True,validated,,899.5554158702674,False,c2a707fbad1bef94891a178ce8b47b44fc0876ca9c283129c546f307805eaddd,False,,N/A,optimal_independent_baseline,worker_exited,,solution_return,validated,3.0,8.0,8.0,hurricane_final_20 single observation
hurricane:EP032000__EP041975:a0.5|Independent discrete,63,hurricane,EP032000__EP041975,27,41,projected km,output\paper_v1\hurricane_final_20\inputs\hurricane_EP032000__EP041975.npz,4f61048028e7f2e99bbb36e29c5c6f0bd6dad7d99299932738a2ec913d7ea67a,Independent discrete,0.5,54.744544807367404,42.88395494751405,654.008303422923,new,output\paper_v1\hurricane_final_20\slots\63\attempts\final20_63_4ca3c6daf95b47b0882782af61c2b120,validated,True,False,27.0,34.0,34.0,1.0,0.8292682926829268,0.8970588235294118,0.006536599976243451,0.005993500002659857,6.19067779998295,6.850918000011006,194.28515625,,,0,0,,0,False,independent_optimization,True,validated,,654.008303422923,True,9fd41c13cdd75c0174828d34087e8900612a8cd2f9864e9344beb2554d204551,False,,2000000 default,optimal_independent_baseline,worker_exited,,solution_return,validated,27.0,34.0,34.0,hurricane_final_20 single observation
hurricane:EP032000__EP041975:a0.5|CPS-2F,64,hurricane,EP032000__EP041975,27,41,projected km,output\paper_v1\hurricane_final_20\inputs\hurricane_EP032000__EP041975.npz,4f61048028e7f2e99bbb36e29c5c6f0bd6dad7d99299932738a2ec913d7ea67a,CPS-2F,0.5,54.744544807367404,42.88395494751405,654.008303422923,new,output\paper_v1\hurricane_final_20\slots\64\attempts\final20_64_4b3df03886be47cba638b38fd36fc6e7,validated,True,False,4.0,8.0,8.0,0.14814814814814814,0.1951219512195122,0.17647058823529413,8.733228000026429,0.001473800017265603,9.704828499990981,19.075062400021125,233.29296875,6319.0,4551767.0,6319,6318,0.0,2,True,configuration_graph,True,validated,,654.008303422923,True,b181aa56f31ba47f67adc94de538a09ea2023d67befc8f0fcdd189d9a630a7f7,False,55.0,800000 main,optimal_configuration_graph,worker_exited,,solution_return,validated,4.0,8.0,8.0,hurricane_final_20 single observation
hurricane:EP081993__EP121989:a0.5|Independent continuous,65,hurricane,EP081993__EP121989,56,45,projected km,output\paper_v1\hurricane_final_20\inputs\hurricane_EP081993__EP121989.npz,4ac28373bff6ea6afc5eb44c48cbbb5bb19ff12c6caef7db2d6707a2952d1834,Independent continuous,0.5,39.58488478955462,52.77038708832474,457.382013117886,new,output\paper_v1\hurricane_final_20\slots\65\attempts\final20_65_42ae1722c38d41da9bb9ab9d9719888c,validated,True,False,8.0,5.0,8.0,0.14285714285714285,0.1111111111111111,0.12871287128712872,0.06396450000465848,0.001575700007379055,8.379984200000763,9.132056200003717,211.03125,,,0,0,,0,False,independent_optimization,True,validated,,884.7223918725072,False,5f6becfe891438046dcdc69b59b205a2d35a41f07fb2795545a3e91843a959a2,False,,N/A,optimal_independent_baseline,worker_exited,,solution_return,validated,8.0,5.0,8.0,hurricane_final_20 single observation
hurricane:EP081993__EP121989:a0.5|Independent discrete,66,hurricane,EP081993__EP121989,56,45,projected km,output\paper_v1\hurricane_final_20\inputs\hurricane_EP081993__EP121989.npz,4ac28373bff6ea6afc5eb44c48cbbb5bb19ff12c6caef7db2d6707a2952d1834,Independent discrete,0.5,39.58488478955462,52.77038708832474,457.382013117886,new,output\paper_v1\hurricane_final_20\slots\66\attempts\final20_66_8e17affc1fcd472a9202a8ff6ea049a1,validated,True,False,54.0,44.0,54.0,0.9642857142857143,0.9777777777777777,0.9702970297029703,0.010343600006308407,0.014272800006438047,6.094486000016332,6.80310129999998,194.45703125,,,0,0,,0,False,independent_optimization,True,validated,,457.382013117886,True,a22272da9a0e0d1c62079703d0adb4204ab59a19b14aa5f620df18f1799599be,False,,2000000 default,optimal_independent_baseline,worker_exited,,solution_return,validated,54.0,44.0,54.0,hurricane_final_20 single observation
hurricane:EP081993__EP121989:a0.5|CPS-2F,67,hurricane,EP081993__EP121989,56,45,projected km,output\paper_v1\hurricane_final_20\inputs\hurricane_EP081993__EP121989.npz,4ac28373bff6ea6afc5eb44c48cbbb5bb19ff12c6caef7db2d6707a2952d1834,CPS-2F,0.5,39.58488478955462,52.77038708832474,457.382013117886,new,output\paper_v1\hurricane_final_20\slots\67\attempts\final20_67_b9613bc87fb644248f17fad70973d282,validated,True,False,8.0,6.0,8.0,0.14285714285714285,0.13333333333333333,0.13861386138613863,11.789259999990463,0.001665599993430078,9.482056899985764,21.9084338999819,245.26953125,5661.0,3278530.0,5661,5660,0.0,2,True,configuration_graph,True,validated,,457.382013117886,True,a9744ae6b270149c4f8af0e1f1528ca565090704b3e47a9ea8f33c3a127512a4,False,55.0,800000 main,optimal_configuration_graph,worker_exited,,solution_return,validated,8.0,6.0,8.0,hurricane_final_20 single observation
hurricane:EP081993__EP121989:a0.5|CPS-3F,68,hurricane,EP081993__EP121989,56,45,projected km,output\paper_v1\hurricane_final_20\inputs\hurricane_EP081993__EP121989.npz,4ac28373bff6ea6afc5eb44c48cbbb5bb19ff12c6caef7db2d6707a2952d1834,CPS-3F,0.5,39.58488478955462,52.77038708832474,457.382013117886,new,output\paper_v1\hurricane_final_20\slots\68\attempts\final20_68_2303304f7720454ab54fd261efac9fa1,validated,True,False,54.0,44.0,54.0,0.9642857142857143,0.9777777777777777,0.9702970297029703,0.05676770000718534,0.016972200013697147,6.092421499983175,6.915901500004111,195.26953125,469.0,1556.0,469,468,0.0,2,True,configuration_graph,True,validated,,457.382013117886,True,d96ff7ebaa31535ab8f7673f2007df7aeb8a1c681a7cbf59fcb146721b5ab6c0,False,55.0,800000 main; 2000000 preprocessing,optimal_configuration_graph,worker_exited,,solution_return,validated,54.0,44.0,54.0,hurricane_final_20 single observation
hurricane:EP032006__EP201992:a0.5|Independent discrete,69,hurricane,EP032006__EP201992,27,69,projected km,output\paper_v1\hurricane_final_20\inputs\hurricane_EP032006__EP201992.npz,a628134f9a46e9e7913c849105762a52bc7f7dbbf60d096ab68d220e7e118227,Independent discrete,0.5,74.05334739689872,36.45256714563898,950.7159634797607,new,output\paper_v1\hurricane_final_20\slots\69\attempts\final20_69_10bbb26fb2684c84bed58bedbdb98bb9,validated,True,False,27.0,56.0,56.0,1.0,0.8115942028985508,0.8645833333333334,0.011036099982447922,0.008670999988680705,6.120271799998591,6.835093700006837,194.55078125,,,0,0,,0,False,independent_optimization,True,validated,,941.6624496307048,True,ff383418fc5bb3281bc498ac29a8b224077e237bc6ee4052c0e1479c2d490f9d,False,,2000000 default,optimal_independent_baseline,worker_exited,,solution_return,validated,27.0,56.0,56.0,hurricane_final_20 single observation
hurricane:EP032006__EP201992:a0.5|CPS-2F,70,hurricane,EP032006__EP201992,27,69,projected km,output\paper_v1\hurricane_final_20\inputs\hurricane_EP032006__EP201992.npz,a628134f9a46e9e7913c849105762a52bc7f7dbbf60d096ab68d220e7e118227,CPS-2F,0.5,74.05334739689872,36.45256714563898,950.7159634797607,new,output\paper_v1\hurricane_final_20\slots\70\attempts\final20_70_20db140a05394c369c27539bd6baa588,validated,True,False,3.0,10.0,10.0,0.1111111111111111,0.14492753623188406,0.13541666666666666,26.537595100002363,0.0014789999986533076,9.707856499997433,36.87003300001379,240.515625,10730.0,13139250.0,10730,10729,0.0,2,True,configuration_graph,True,validated,,941.6624496307048,True,5c7d1209e65bf7ef26f7005412e0224e38d03bbe05fdeddb04d7a3f622e89baf,False,55.0,800000 main,optimal_configuration_graph,worker_exited,,solution_return,validated,3.0,10.0,10.0,hurricane_final_20 single observation
hurricane:EP032006__EP201992:a0.5|CPS-3F,71,hurricane,EP032006__EP201992,27,69,projected km,output\paper_v1\hurricane_final_20\inputs\hurricane_EP032006__EP201992.npz,a628134f9a46e9e7913c849105762a52bc7f7dbbf60d096ab68d220e7e118227,CPS-3F,0.5,74.05334739689872,36.45256714563898,950.7159634797607,new,output\paper_v1\hurricane_final_20\slots\71\attempts\final20_71_4d535e933a604b2e9ccbe57363192e3c,validated,True,False,27.0,56.0,56.0,1.0,0.8115942028985508,0.8645833333333334,0.054436600010376424,0.010687000001780689,6.103951500001131,6.916875399998389,194.94921875,827.0,3845.0,827,826,0.0,2,True,configuration_graph,True,validated,,941.6624496307048,True,7cda37040488a1cafb508c560a17654294dfc2e9b18138841dd16319d3c19606,False,55.0,800000 main; 2000000 preprocessing,optimal_configuration_graph,worker_exited,,solution_return,validated,27.0,56.0,56.0,hurricane_final_20 single observation
hurricane:EP032006__EP201992:a0.5|Independent continuous,72,hurricane,EP032006__EP201992,27,69,projected km,output\paper_v1\hurricane_final_20\inputs\hurricane_EP032006__EP201992.npz,a628134f9a46e9e7913c849105762a52bc7f7dbbf60d096ab68d220e7e118227,Independent continuous,0.5,74.05334739689872,36.45256714563898,950.7159634797607,new,output\paper_v1\hurricane_final_20\slots\72\attempts\final20_72_832738003bd84bc4a27e2189171073c3,validated,True,False,3.0,10.0,10.0,0.1111111111111111,0.14492753623188406,0.13541666666666666,0.07832660002168268,0.0013245000154711306,8.462262399989413,9.195398399984697,211.55859375,,,0,0,,0,False,independent_optimization,True,validated,,1047.7869361080716,False,090df3ccbd21ac24a3a68fe274e0cfb167a5936cdac7bb5e8204fc5d5b0ec7fa,False,,N/A,optimal_independent_baseline,worker_exited,,solution_return,validated,3.0,10.0,10.0,hurricane_final_20 single observation
hurricane:AL022011__AL071977:a0.5|CPS-2F,73,hurricane,AL022011__AL071977,29,27,projected km,output\paper_v1\hurricane_final_20\inputs\hurricane_AL022011__AL071977.npz,a69c2f5a77f296d5f57f506e9da0631ddc262a181f84e681436a40bcac9cca41,CPS-2F,0.5,51.843902769443424,56.32007199263512,670.4440211411239,new,output\paper_v1\hurricane_final_20\slots\73\attempts\final20_73_b1dda7d0a6b44fad905cf9786dcf9244,validated,True,False,4.0,6.0,6.0,0.13793103448275862,0.2222222222222222,0.17857142857142858,7.441946199978702,0.001045099983457476,9.433802400017157,17.524646999983815,231.421875,5112.0,3389373.0,5112,5111,0.0,2,True,configuration_graph,True,validated,,651.658893467096,True,11b6c94d00cac88cac2550f80f11fd839acf0fe2c09267464f4eb624e2c9a6fe,False,55.0,800000 main,optimal_configuration_graph,worker_exited,,solution_return,validated,4.0,6.0,6.0,hurricane_final_20 single observation
hurricane:AL022011__AL071977:a0.5|CPS-3F,74,hurricane,AL022011__AL071977,29,27,projected km,output\paper_v1\hurricane_final_20\inputs\hurricane_AL022011__AL071977.npz,a69c2f5a77f296d5f57f506e9da0631ddc262a181f84e681436a40bcac9cca41,CPS-3F,0.5,51.843902769443424,56.32007199263512,670.4440211411239,new,output\paper_v1\hurricane_final_20\slots\74\attempts\final20_74_ee94d0d551c84e2781b4167a658e706c,validated,True,False,27.0,25.0,27.0,0.9310344827586207,0.9259259259259259,0.9285714285714286,0.03180739999515936,0.0051598999998532236,6.137523499986855,6.840199700003723,195.56640625,284.0,833.0,284,283,0.0,2,True,configuration_graph,True,validated,,653.5638222975703,True,f2155a19d7ed3f327eb0368ccf22b3fb1cedd4d185ade84d94e3b70bddca0baf,False,55.0,800000 main; 2000000 preprocessing,optimal_configuration_graph,worker_exited,,solution_return,validated,27.0,25.0,27.0,hurricane_final_20 single observation
hurricane:AL022011__AL071977:a0.5|Independent continuous,75,hurricane,AL022011__AL071977,29,27,projected km,output\paper_v1\hurricane_final_20\inputs\hurricane_AL022011__AL071977.npz,a69c2f5a77f296d5f57f506e9da0631ddc262a181f84e681436a40bcac9cca41,Independent continuous,0.5,51.843902769443424,56.32007199263512,670.4440211411239,new,output\paper_v1\hurricane_final_20\slots\75\attempts\final20_75_964fe43252604578a7224b4d0700a9ee,validated,True,False,4.0,6.0,6.0,0.13793103448275862,0.2222222222222222,0.17857142857142858,0.014034299994818866,0.0010331000084988773,8.547338700009277,9.234871299995575,211.78515625,,,0,0,,0,False,independent_optimization,True,validated,,687.6579613441917,False,ff8f1ff00a41f2d006267b25ba78ace8d827740e86f3c897613fecb0d3de50b1,False,,N/A,optimal_independent_baseline,worker_exited,,solution_return,validated,4.0,6.0,6.0,hurricane_final_20 single observation
hurricane:AL022011__AL071977:a0.5|Independent discrete,76,hurricane,AL022011__AL071977,29,27,projected km,output\paper_v1\hurricane_final_20\inputs\hurricane_AL022011__AL071977.npz,a69c2f5a77f296d5f57f506e9da0631ddc262a181f84e681436a40bcac9cca41,Independent discrete,0.5,51.843902769443424,56.32007199263512,670.4440211411239,new,output\paper_v1\hurricane_final_20\slots\76\attempts\final20_76_c36d9f294ed945ea94d2301a0ea593a4,validated,True,False,27.0,25.0,27.0,0.9310344827586207,0.9259259259259259,0.9285714285714286,0.006300400011241436,0.004468599974643439,6.287873700028285,6.932712799985893,194.0078125,,,0,0,,0,False,independent_optimization,True,validated,,653.5638222975703,True,d52194036f04f994a220718985229f83cdb8a8875864ada272415d74a0edb2a1,False,,2000000 default,optimal_independent_baseline,worker_exited,,solution_return,validated,27.0,25.0,27.0,hurricane_final_20 single observation
hurricane:EP101972__EP141967:a0.5|CPS-3F,77,hurricane,EP101972__EP141967,29,37,projected km,output\paper_v1\hurricane_final_20\inputs\hurricane_EP101972__EP141967.npz,1136560945b718482100845d30314a5c97fde7b5a2ae428ea6275b9cbb457171,CPS-3F,0.5,53.18383484536521,31.385526077068157,529.4905368904152,new,output\paper_v1\hurricane_final_20\slots\77\attempts\final20_77_dbc630bc997a4eac921ad233c09583b2,validated,True,False,28.0,32.0,32.0,0.9655172413793104,0.8648648648648649,0.9090909090909091,0.039956499997060746,0.005372399988118559,6.137970100011444,6.80750860000262,194.75,519.0,2565.0,519,518,0.0,2,True,configuration_graph,True,validated,,529.4905368904152,True,587fbc5f993af9e74a183ed395fca26459733f2e8d3a1d0c7f06aecbe0cac827,False,55.0,800000 main; 2000000 preprocessing,optimal_configuration_graph,worker_exited,,solution_return,validated,28.0,32.0,32.0,hurricane_final_20 single observation
hurricane:EP101972__EP141967:a0.5|Independent continuous,78,hurricane,EP101972__EP141967,29,37,projected km,output\paper_v1\hurricane_final_20\inputs\hurricane_EP101972__EP141967.npz,1136560945b718482100845d30314a5c97fde7b5a2ae428ea6275b9cbb457171,Independent continuous,0.5,53.18383484536521,31.385526077068157,529.4905368904152,new,output\paper_v1\hurricane_final_20\slots\78\attempts\final20_78_36900cf3aa184930b1d4bf30ee68c735,validated,True,False,5.0,6.0,6.0,0.1724137931034483,0.16216216216216217,0.16666666666666666,0.020310899999458343,0.0010325000039301813,8.54211540002143,9.25598680000985,211.43359375,,,0,0,,0,False,independent_optimization,True,validated,,529.4905368904152,True,b0ad27aa920effe5235ef98b17f6b78378ea81b02e98006214da1859552f114e,False,,N/A,optimal_independent_baseline,worker_exited,,solution_return,validated,5.0,6.0,6.0,hurricane_final_20 single observation
hurricane:EP101972__EP141967:a0.5|Independent discrete,79,hurricane,EP101972__EP141967,29,37,projected km,output\paper_v1\hurricane_final_20\inputs\hurricane_EP101972__EP141967.npz,1136560945b718482100845d30314a5c97fde7b5a2ae428ea6275b9cbb457171,Independent discrete,0.5,53.18383484536521,31.385526077068157,529.4905368904152,new,output\paper_v1\hurricane_final_20\slots\79\attempts\final20_79_5b32313c9cce4e39b5dc21250a68b065,validated,True,False,28.0,32.0,32.0,0.9655172413793104,0.8648648648648649,0.9090909090909091,0.008764099999098107,0.005396799999289215,6.713831500004744,7.391652899998007,193.96484375,,,0,0,,0,False,independent_optimization,True,validated,,529.4905368904152,True,f9d1f4dd8f040ca01e0b1e83e1c32c8c0f929e52262e548ae2f0150b408e1479,False,,2000000 default,optimal_independent_baseline,worker_exited,,solution_return,validated,28.0,32.0,32.0,hurricane_final_20 single observation
hurricane:EP101972__EP141967:a0.5|CPS-2F,80,hurricane,EP101972__EP141967,29,37,projected km,output\paper_v1\hurricane_final_20\inputs\hurricane_EP101972__EP141967.npz,1136560945b718482100845d30314a5c97fde7b5a2ae428ea6275b9cbb457171,CPS-2F,0.5,53.18383484536521,31.385526077068157,529.4905368904152,new,output\paper_v1\hurricane_final_20\slots\80\attempts\final20_80_bf6c654f7b404c9f8617a00187e97b14,validated,True,False,5.0,6.0,6.0,0.1724137931034483,0.16216216216216217,0.16666666666666666,11.047678200004157,0.001062900002580136,9.33498040001723,21.010384000022896,231.26953125,7735.0,7193899.0,7735,7734,0.0,2,True,configuration_graph,True,validated,,529.4905368904152,True,ed1b47fdb191536cad94cd54be3a6422eb1c30b0993ef6a22e1126a1f9ec1623,False,55.0,800000 main,optimal_configuration_graph,worker_exited,,solution_return,validated,5.0,6.0,6.0,hurricane_final_20 single observation
