path,bytes,sha256,reason
output/paper_v1/cache/matplotlib/fontlist-v3.11.0.json,156151,26bb45aff35b8ebd13d29878f630bdd5b9fc91c38acf96634f8c4c980cee875f,generated font cache
output/paper_v1/coverage_extension/attempt_gallery/qa/example_0.png,67077,5259e1accdb63ab97396c2eeef6975b59f150c58e82b9a4f236a4e7d2e3d8ef0,visual QA raster; final figures retained
output/paper_v1/coverage_extension/attempt_gallery/qa/example_1.png,34813,740fc64ebb77d0dfe522dae98aa61cd5b64299120bdc19348323e0d793931561,visual QA raster; final figures retained
output/paper_v1/coverage_extension/attempt_gallery/qa/example_2.png,34069,7a219157076dff1bec9245cb1b9f214944841b65b531cb7e0172155cb085a3fa,visual QA raster; final figures retained
output/paper_v1/coverage_extension/attempt_gallery/qa/example_3.png,32436,9f7d3faaab87b6be750b8981eaec38bcffad606f1dca0d983b592c56e902c1cf,visual QA raster; final figures retained
output/paper_v1/coverage_extension/qa/contact_sheet.png,342877,2a472940c0a46404f27d1c184c0465ed15983db2803c9c00d4c5c0f3a0480be2,visual QA raster; final figures retained
output/paper_v1/coverage_extension/qa/coverage_completion.png,21344,c41ecb44ffd4c48eff306b06dcb769565b1490c06df53f02fe7eadbf3844ee0d,visual QA raster; final figures retained
output/paper_v1/coverage_extension/qa/coverage_coupling_cost.png,50806,3336dbb41b77141bdde6cea17853919ccc37796a95a417c3bfe59a0b8fdbe2d5,visual QA raster; final figures retained
output/paper_v1/coverage_extension/qa/coverage_quality.png,40893,3cdb98beb6ce5734e0a75eb43258141b3cd9ad163060e12c2dd26fcbdf5056cf,visual QA raster; final figures retained
output/paper_v1/coverage_extension/qa/coverage_runtime_memory.png,66869,dfeb62eb530d992dd3fc3996e7fc67942c897aaf0096e4076c45e155ea6a5b85,visual QA raster; final figures retained
output/paper_v1/coverage_extension/qa/coverage_single_graphs.png,37781,49148c6bfc1ddb60cf22f29944273b57287a2e82f7c662fc1ef36210df35baa6,visual QA raster; final figures retained
output/paper_v1/coverage_extension/qa/graph_size_levels.png,77625,efbd9246c16666a92315f11dbe4918becf2def4fa2fa3c956a4cafc2629dab8f,visual QA raster; final figures retained
output/paper_v1/expanded_comparison/qa/pdf_contact_sheet.png,219514,0f03e2e5b0ccef27772f32bbf7ccfa538d6fa336da9517750b0395d572952e21,visual QA raster; final figures retained
output/paper_v1/expanded_comparison/qa/pdf_contact_sheet_alpha05.png,235359,3ca2fba14c7c4a9c4bc8a35e114e591478cd728b3b629814c74930783e5b3c17,visual QA raster; final figures retained
output/paper_v1/experimental_chapter/qa/completion.png,19083,41bc9b83ebd0ebdad7c4de6113e62c839b1e065baae322bf18485eed86f9071f,visual QA raster; final figures retained
output/paper_v1/experimental_chapter/qa/compression_cost.png,26616,748aa44ed03b046af1c4d87baea48b5a379a7d877562c32ab30a798cd34701a9,visual QA raster; final figures retained
output/paper_v1/experimental_chapter/qa/contact_sheet.png,338197,dd83b05385d04a418c59c80929456d629bf81614735d306b744d81e6ae193791,visual QA raster; final figures retained
output/paper_v1/experimental_chapter/qa/coupling_vertex_cost.png,34643,217327d0e8ea8a67498ceb1295b439ac2ca12b308bb0d4cec34d33e4641c8396,visual QA raster; final figures retained
output/paper_v1/experimental_chapter/qa/geometric_examples.png,62560,bae6fe2e18b7e366b453d33e71f538e512b66581e44c5b92d50318a872bfc8c7,visual QA raster; final figures retained
output/paper_v1/experimental_chapter/qa/graph_size_levels.png,37599,5da70f4115bebdbac909a9caf1ee3f9b21920b72aaa3e0312231e15595bc11e5,visual QA raster; final figures retained
output/paper_v1/experimental_chapter/qa/supplement_memory_phases.png,23176,b2ffc733506549e49046792e94c75b0afe90c02201b1a375641c8d4c1d4d1b1e,visual QA raster; final figures retained
output/paper_v1/experimental_chapter/qa/timing_stability.png,37885,8a950136a74699f46abb5d05309b6df88e6dd9b3c27de774aaaf0e7fca2e60e8,visual QA raster; final figures retained
output/paper_v1/experimental_chapter/qa/work_indicators.png,27770,98c99d1b282d0364b067b2562039fb5c2ca0fa34ed3df9a6b11ddfad37e487c7,visual QA raster; final figures retained
output/paper_v1/graph_only_v1/cache/matplotlib/fontlist-v3.11.0.json,156151,8e43acfa624a2404714aea1db257cba762cf96af5ee3f866bee4fb9fdbaf0393,generated font cache
output/paper_v1/graph_only_v3/cache/matplotlib/fontlist-v3.11.0.json,156151,b7a03f3d2dd79ffd0f886bc091428d1d5f31f488b2717ab5b9ae5e459d0f8a81,generated font cache
output/paper_v1/hurricane_final_20/qa/contact_sheet.png,270575,d000b47cc0cdbba5d2743ee76e1444801c188f08cf0625a2e548d1c6171e9721,visual QA raster; final figures retained
output/paper_v1/hurricane_final_20/qa/coupling_vertex_cost.png,47141,fb5150f4f02ba871dd8393f0dcf447a89544d2161ae2d59a36ee4113e43eee5b,visual QA raster; final figures retained
output/paper_v1/hurricane_final_20/qa/final20_completion.png,23754,509659c9c3f2c6a03da96eb04e0556183aa13cdd9f5f618cb8e805b0d0975f2e,visual QA raster; final figures retained
output/paper_v1/hurricane_final_20/qa/final20_compression_cost.png,29018,464f76d19fe100157f42cd60da5ec778930b866fbca7f76218afa32c243cb839,visual QA raster; final figures retained
output/paper_v1/hurricane_final_20/qa/final20_memory.png,19550,670619a2a82bde83b6683655e2a007f63ffb9811914096e4573c4640b4afbae0,visual QA raster; final figures retained
output/paper_v1/hurricane_final_20/qa/final20_quality.png,22880,eaf7802770b4da138abab6e1416ebb31cdaa8dc722a3d6e0bf3ddd9500627aa3,visual QA raster; final figures retained
output/paper_v1/hurricane_final_20/qa/final20_work.png,30613,dc5051745a252fa507309fc9d2cc8cd28344a3df8d7eb5c65dabc8f3ee6d2f4e,visual QA raster; final figures retained
output/paper_v1/hurricane_final_20/qa/graph_size_levels.png,50272,3c8fd09ad27615617c2ef752aa255e72095351266146398a04fa777a204159b2,visual QA raster; final figures retained
output/paper_v1/plots_auxiliary_bound_percentages/qa/combined_all45.png,158973,680686c9a83c5e0b16bf53ccb5548439c2f2e7787fb12209115cb49362ad9f3f,visual QA raster; final figures retained
output/paper_v1/plots_auxiliary_bound_percentages/qa/coupling_size_common43_large.png,104345,eb25fac119bf605ccb959cc024b2715388f46da0bb34b458a3fdf9ef2b20e801,visual QA raster; final figures retained
output/paper_v1/plots_auxiliary_bound_percentages/qa/coupling_size_common43_publication.png,95870,fb95cefd44fac2551698a93e5f35fa6a4a752fd480823fa913098885be21a837,visual QA raster; final figures retained
output/paper_v1/plots_auxiliary_bound_percentages/qa/coupling_size_updated.png,88758,324729971905089da6dffe6abe67a9732bfa05b9eddf3d0da16f0e51a41b3f47,visual QA raster; final figures retained
output/paper_v1/plots_auxiliary_bound_percentages/qa/hurricanes_all33.png,143357,f8c01b003b8da1490271d2c594212ce7e999d679abe868e95b93c92407151f33,visual QA raster; final figures retained
output/paper_v1/plots_auxiliary_bound_percentages/qa/publication_common43.png,76900,e4dc576c821e9219ef8bd921ae5a4a153ced69cf1b99d15bcfc4a2e94fd6d050,visual QA raster; final figures retained
output/paper_v1/unified_pilot_results/report_cache/fontlist-v3.11.0.json,156151,cd4cff04a955ec61225f8d4f4f86c6b233b0dd9966d588030711e838cbc8384b,generated font cache
