pair,pair_alias,fidelity,baseline_k,joint_k,delta_k,baseline_coupling_ratio,joint_coupling_ratio,equal_k_coupling_repair,baseline_source,joint_source
EP092002__EP171994,S1,continuous,5.0,5.0,0.0,1.1222129883477239,1.0,True,output\paper_v1\hurricane_final_20\slots\01\attempts\final20_01_b434dd29179344f58040590f59962d54,output\paper_v1\hurricane_final_20\slots\03\attempts\final20_03_30ed5a490d4340e4b557ed8452b1516c
EP092002__EP171994,S1,discrete,27.0,27.0,0.0,1.0,1.0,False,output\paper_v1\hurricane_final_20\slots\02\attempts\final20_02_021eda7600df412cb66577c8602cf8e4,output\paper_v1\hurricane_final_20\slots\04\attempts\final20_04_619d64cf04564736abd1dd18b2c8b991
AL091944__AL031917,S2,continuous,6.0,7.0,1.0,1.5114455455054336,0.9577594774604016,False,output\paper_v1\hurricane_final_20\slots\08\attempts\final20_08_db16c6b5195540c2af47c2511446e913,output\paper_v1\hurricane_final_20\slots\06\attempts\final20_06_866e9f142f5548c9b31eea1aac3dc726
AL091944__AL031917,S2,discrete,35.0,35.0,0.0,1.0,1.0,False,output\paper_v1\hurricane_final_20\slots\05\attempts\final20_05_3a62e104edfc418990091b0fc0094304,output\paper_v1\hurricane_final_20\slots\07\attempts\final20_07_9ead45b3a9ed4ab19713c687e77e7dd3
EP101985__EP151985,S3,continuous,6.0,6.0,0.0,2.2469523380851997,1.0,True,output\paper_v1\hurricane_final_20\slots\11\attempts\final20_11_acdcfa29a7d9446f94aa50661c0dddb9,output\paper_v1\hurricane_final_20\slots\09\attempts\final20_09_eb7bd5f7323448baa7ad1468993fe005
EP101985__EP151985,S3,discrete,37.0,37.0,0.0,1.0,1.0,False,output\paper_v1\hurricane_final_20\slots\12\attempts\final20_12_6da99ca50a034841840ee306c7c8cafe,output\paper_v1\hurricane_final_20\slots\10\attempts\final20_10_a12a88c5c90046c5828fe762e12e783e
EP031965__EP141991,S4,continuous,7.0,7.0,0.0,1.106777611493999,1.0,True,output\paper_v1\hurricane_final_20\slots\14\attempts\final20_14_bf5d6943445e43de83984aaabce39ebe,output\paper_v1\hurricane_final_20\slots\16\attempts\final20_16_d4e35d041ef04ad5989ece181a5d19a1
EP031965__EP141991,S4,discrete,38.0,38.0,0.0,1.0,1.0,False,output\paper_v1\hurricane_final_20\slots\15\attempts\final20_15_8ff9c91d98364b5295c99dc1d34b268e,output\paper_v1\hurricane_final_20\slots\13\attempts\final20_13_7957d74aba4843288c5f5ac0777d6ae5
AL061921__AL101926,S5,continuous,11.0,,,1.0086841521020338,,False,output\paper_v1\hurricane_final_20\slots\17\attempts\final20_17_1395c928d4754fc7942839c77b7f3225,output\paper_v1\hurricane_final_20\slots\19\attempts\final20_19_670b202c19c54aa28a7f79a13800898a
AL061921__AL101926,S5,discrete,44.0,44.0,0.0,1.0,1.0,False,output\paper_v1\hurricane_final_20\slots\18\attempts\final20_18_7e6483aa34094a098d9dc41a27d91a71,output\paper_v1\hurricane_final_20\slots\20\attempts\final20_20_5c112c2ece744b91bba8231374693156
EP041976__EP041984,S6,continuous,6.0,6.0,0.0,1.8964137401774148,0.9844367664265813,True,output\paper_v1\hurricane_final_20\slots\24\attempts\final20_24_d3470a252d2145ca9c41c4fcf7aa442b,output\paper_v1\hurricane_final_20\slots\22\attempts\final20_22_2aadd96ecd56487888d5543761e41814
EP041976__EP041984,S6,discrete,46.0,46.0,0.0,1.0,1.0,False,output\paper_v1\hurricane_final_20\slots\21\attempts\final20_21_195f4b6c144744ffa35f95f208986226,output\paper_v1\hurricane_final_20\slots\23\attempts\final20_23_0892021af506422ebb7300b58a6e42e8
EP081967__EP101980,S7,continuous,4.0,4.0,0.0,2.552017573771855,0.9722008102021098,True,output\paper_v1\hurricane_final_20\slots\27\attempts\final20_27_de706e57356c4f08ba62f91aba4abaa5,output\paper_v1\hurricane_final_20\slots\25\attempts\final20_25_66c8bad9489b41fab6327cf23c780263
EP081967__EP101980,S7,discrete,26.0,26.0,0.0,0.9722008102021098,0.9722008102021098,False,output\paper_v1\hurricane_final_20\slots\28\attempts\final20_28_8c2506e898e04b858825e283a3e44fdf,output\paper_v1\hurricane_final_20\slots\26\attempts\final20_26_30241021b400499a9710be07c88dddac
EP031994__EP031978,S8,continuous,6.0,6.0,0.0,1.645087491738802,0.9845741389072417,True,output\paper_v1\hurricane_final_20\slots\30\attempts\final20_30_475599a6b1d54bdd80bc1cff799f4c26,output\paper_v1\hurricane_final_20\slots\32\attempts\final20_32_d7629be544a04b7c9a22f439d333fc89
EP031994__EP031978,S8,discrete,33.0,33.0,0.0,0.9821951221778639,0.9821951221778639,False,output\paper_v1\hurricane_final_20\slots\31\attempts\final20_31_dc00c064cb1d4e339c7e15dbb6f227bb,output\paper_v1\hurricane_final_20\slots\29\attempts\final20_29_aa3ca4b72b8c4222901d54440e883ea9
EP021985__EP181984,S9,continuous,4.0,4.0,0.0,1.384750534169818,1.0,True,output\paper_v1\hurricane_final_20\slots\33\attempts\final20_33_2caf8d64c11043df8a23af6f3c211a35,output\paper_v1\hurricane_final_20\slots\35\attempts\final20_35_ebb9bf586aa24487a1f9d9f887ce4018
EP021985__EP181984,S9,discrete,41.0,41.0,0.0,1.0,1.0,False,output\paper_v1\hurricane_final_20\slots\34\attempts\final20_34_ea9ee483f1294ae3a828afeb3625747f,output\paper_v1\hurricane_final_20\slots\36\attempts\final20_36_4e04d78dd5974e99b6e05aa37ad0a368
AL101886__AL051950,S10,continuous,11.0,11.0,0.0,0.9713183556693334,0.9713183556693334,False,output\paper_v1\hurricane_final_20\slots\40\attempts\final20_40_4c2bf1aaa30540999f85ae007f04ef46,output\paper_v1\hurricane_final_20\slots\38\attempts\final20_38_58df75aaae554088a8460ccc5c84df2f
AL101886__AL051950,S10,discrete,28.0,28.0,0.0,1.0,1.0,False,output\paper_v1\hurricane_final_20\slots\37\attempts\final20_37_51b2e98e30d54d699e42eed27543c97a,output\paper_v1\hurricane_final_20\slots\39\attempts\final20_39_f320fc4065b8426997773f0f0db07068
AL091947__AL011953,S11,continuous,14.0,14.0,0.0,0.9946327448663297,0.9946327448663297,False,output\paper_v1\hurricane_final_20\slots\43\attempts\final20_43_2836407e874c424f8e39aa2dc464034d,output\paper_v1\hurricane_final_20\slots\41\attempts\final20_41_0a466baa66464fb3943e4e57645c28be
AL091947__AL011953,S11,discrete,45.0,45.0,0.0,1.0,1.0,False,output\paper_v1\hurricane_final_20\slots\44\attempts\final20_44_4bd691e859f24298bcd50204bf7e8ce2,output\paper_v1\hurricane_final_20\slots\42\attempts\final20_42_d2895748c5d14bdeb6a05676e77abfb5
EP072011__EP092011,S12,continuous,7.0,7.0,0.0,1.6252938486577948,0.9970682481330578,True,output\paper_v1\hurricane_final_20\slots\46\attempts\final20_46_37192d3934c744d582184f79b62e61d8,output\paper_v1\hurricane_final_20\slots\48\attempts\final20_48_2edd7361056443178e128d82458295ee
EP072011__EP092011,S12,discrete,45.0,45.0,0.0,1.0,1.0,False,output\paper_v1\hurricane_final_20\slots\47\attempts\final20_47_d4a9dc9ae7b84cda9454df9608014fe7,output\paper_v1\hurricane_final_20\slots\45\attempts\final20_45_0821628804ba483ba30cbc671c8e4102
AL171980__AL112009,S13,continuous,6.0,7.0,1.0,1.0393849912407445,1.0,False,output\paper_v1\hurricane_final_20\slots\49\attempts\final20_49_08a4e1c1718046018d829bbf67b74f8d,output\paper_v1\hurricane_final_20\slots\51\attempts\final20_51_14a139201f594820b2f7e7b3059dcaad
AL171980__AL112009,S13,discrete,28.0,28.0,0.0,0.9750713917961212,0.9750713917961212,False,output\paper_v1\hurricane_final_20\slots\50\attempts\final20_50_a4383118ca454e09b67c5cf1cc90a664,output\paper_v1\hurricane_final_20\slots\52\attempts\final20_52_b4f045f5d8844464bd2f0bcf54eea3e8
AL102008__AL061989,S14,continuous,5.0,5.0,0.0,0.9405712364487507,0.9405712364487507,False,output\paper_v1\hurricane_final_20\slots\56\attempts\final20_56_30668bb6fe404f53a66ffcf1cd0974e1,output\paper_v1\hurricane_final_20\slots\54\attempts\final20_54_5781486474d142eca33fd1ac3ecba66e
AL102008__AL061989,S14,discrete,32.0,32.0,0.0,0.9232972814467327,0.9232972814467327,False,output\paper_v1\hurricane_final_20\slots\53\attempts\final20_53_8b318395eeb046589e99724d910e5bb1,output\paper_v1\hurricane_final_20\slots\55\attempts\final20_55_f8e5c012d43b42c6bfe76bb8c06d1308
EP102002__EP042014,S15,continuous,5.0,5.0,0.0,1.199005190362061,0.9860892807483871,True,output\paper_v1\hurricane_final_20\slots\59\attempts\final20_59_c16322178b4f407d8f119718c8734830,output\paper_v1\hurricane_final_20\slots\57\attempts\final20_57_3b593e011f1945c8b0d3ed5a26fd0127
EP102002__EP042014,S15,discrete,32.0,32.0,0.0,1.0,1.0,False,output\paper_v1\hurricane_final_20\slots\60\attempts\final20_60_cec96105783145718039ee5868a75078,output\paper_v1\hurricane_final_20\slots\58\attempts\final20_58_ea2ce80db7c94079a2cb369e959559f5
EP032000__EP041975,S16,continuous,8.0,8.0,0.0,1.3754495335337635,1.0,True,output\paper_v1\hurricane_final_20\slots\62\attempts\final20_62_d9a1a067bb774a53933e28812954c0c6,output\paper_v1\hurricane_final_20\slots\64\attempts\final20_64_4b3df03886be47cba638b38fd36fc6e7
EP032000__EP041975,S16,discrete,34.0,34.0,0.0,1.0,1.0,False,output\paper_v1\hurricane_final_20\slots\63\attempts\final20_63_4ca3c6daf95b47b0882782af61c2b120,output\paper_v1\hurricane_final_20\slots\61\attempts\final20_61_4070de11bcbf480b88acbf4063e461e3
EP081993__EP121989,S17,continuous,8.0,8.0,0.0,1.9343182864615145,1.0,True,output\paper_v1\hurricane_final_20\slots\65\attempts\final20_65_42ae1722c38d41da9bb9ab9d9719888c,output\paper_v1\hurricane_final_20\slots\67\attempts\final20_67_b9613bc87fb644248f17fad70973d282
EP081993__EP121989,S17,discrete,54.0,54.0,0.0,1.0,1.0,False,output\paper_v1\hurricane_final_20\slots\66\attempts\final20_66_8e17affc1fcd472a9202a8ff6ea049a1,output\paper_v1\hurricane_final_20\slots\68\attempts\final20_68_2303304f7720454ab54fd261efac9fa1
EP032006__EP201992,S18,continuous,10.0,10.0,0.0,1.1021030216774912,0.9904771622684038,True,output\paper_v1\hurricane_final_20\slots\72\attempts\final20_72_832738003bd84bc4a27e2189171073c3,output\paper_v1\hurricane_final_20\slots\70\attempts\final20_70_20db140a05394c369c27539bd6baa588
EP032006__EP201992,S18,discrete,56.0,56.0,0.0,0.9904771622684038,0.9904771622684038,False,output\paper_v1\hurricane_final_20\slots\69\attempts\final20_69_10bbb26fb2684c84bed58bedbdb98bb9,output\paper_v1\hurricane_final_20\slots\71\attempts\final20_71_4d535e933a604b2e9ccbe57363192e3c
AL022011__AL071977,S19,continuous,6.0,6.0,0.0,1.0256754324899027,0.9719810646650935,True,output\paper_v1\hurricane_final_20\slots\75\attempts\final20_75_964fe43252604578a7224b4d0700a9ee,output\paper_v1\hurricane_final_20\slots\73\attempts\final20_73_b1dda7d0a6b44fad905cf9786dcf9244
AL022011__AL071977,S19,discrete,27.0,27.0,0.0,0.9748223590467361,0.9748223590467361,False,output\paper_v1\hurricane_final_20\slots\76\attempts\final20_76_c36d9f294ed945ea94d2301a0ea593a4,output\paper_v1\hurricane_final_20\slots\74\attempts\final20_74_ee94d0d551c84e2781b4167a658e706c
EP101972__EP141967,S20,continuous,6.0,6.0,0.0,1.0,1.0,False,output\paper_v1\hurricane_final_20\slots\78\attempts\final20_78_36900cf3aa184930b1d4bf30ee68c735,output\paper_v1\hurricane_final_20\slots\80\attempts\final20_80_bf6c654f7b404c9f8617a00187e97b14
EP101972__EP141967,S20,discrete,32.0,32.0,0.0,1.0,1.0,False,output\paper_v1\hurricane_final_20\slots\79\attempts\final20_79_5b32313c9cce4e39b5dc21250a68b065,output\paper_v1\hurricane_final_20\slots\77\attempts\final20_77_dbc630bc997a4eac921ad233c09583b2
